SubNo,BlkNo,Trty,Resp,Cor,RT,Congru
2,2,2,Z,1,271.451,2
2,2,1,Z,1,254.265,1
2,2,1,Z,1,247.37,1
2,2,2,Z,1,470.096,2
2,2,3,/,1,279.635,1
2,2,4,/,1,328.766,2
2,2,4,/,1,322.19,2
2,2,4,/,1,347.375,2
2,2,1,Z,1,308.944,1
2,2,1,Z,1,263.983,1
2,2,3,/,1,246.438,1
2,2,3,/,1,394.177,1
2,2,4,/,1,424.894,2
2,2,4,/,1,288.24,2
2,2,3,/,1,250.294,1
2,2,2,Z,1,343.135,2
2,2,3,/,1,293.099,1
2,2,2,Z,1,441.285,2
2,2,2,Z,1,337.433,2
2,2,3,/,1,291.534,1
2,2,2,Z,1,315.417,2
2,2,1,Z,1,289.936,1
2,2,2,Z,1,270.586,2
2,2,3,/,1,270.683,1
2,2,1,Z,1,291.284,1
2,2,4,/,1,483.439,2
2,2,3,/,1,345.432,1
2,2,1,Z,1,289.569,1
2,2,1,Z,1,341.973,1
2,2,4,/,1,420.15,2
2,2,2,Z,1,305.215,2
2,2,1,Z,1,284.116,1
2,2,4,/,1,326.62,2
2,2,3,/,1,271.342,1
2,2,2,Z,1,400.927,2
2,2,4,/,1,325.903,2
2,2,3,/,1,386.11,1
2,3,2,Z,1,337.464,2
2,3,4,/,1,281.598,2
2,3,2,Z,1,287.672,2
2,3,2,Z,1,339.554,2
2,3,1,Z,1,283,1
2,3,3,/,1,275.106,1
2,3,3,/,1,262.923,1
2,3,3,/,1,260.795,1
2,3,2,Z,1,309.846,2
2,3,1,Z,1,342.062,1
2,3,4,/,1,413.01,2
2,3,2,Z,1,318.832,2
2,3,1,Z,1,331.092,1
2,3,3,/,1,260.504,1
2,3,1,Z,1,260.201,1
2,3,4,/,1,395.948,2
2,3,1,Z,1,263.246,1
2,3,1,Z,1,439.799,1
2,3,1,Z,1,331.889,1
2,3,3,/,1,517.654,1
2,3,3,/,1,286.64,1
2,3,3,/,1,252.786,1
2,3,2,Z,1,325.321,2
2,3,2,Z,1,424.88,2
2,3,4,/,1,339.153,2
2,3,2,Z,1,273.18,2
2,3,2,Z,1,380.01,2
2,3,4,/,1,419.114,2
2,3,4,/,1,495.659,2
2,3,3,/,1,336.131,1
2,3,1,Z,1,290.6,1
2,3,4,/,1,338.883,2
2,3,4,/,1,315.416,2
2,3,1,Z,1,296.223,1
2,3,3,/,1,366.084,1
2,3,3,/,1,310.22,1
2,3,1,Z,1,306.213,1
2,4,2,Z,1,408.878,2
2,4,4,/,1,441.28,2
2,4,3,/,1,357.574,1
2,4,2,Z,1,446.589,2
2,4,1,Z,1,391.627,1
2,4,2,Z,1,457.317,2
2,4,4,/,1,403.818,2
2,4,1,Z,1,582.755,1
2,4,3,/,1,270.555,1
2,4,1,Z,1,446.952,1
2,4,2,Z,1,432.336,2
2,4,3,/,1,276.682,1
2,4,2,Z,1,371.285,2
2,4,3,/,1,348.583,1
2,4,3,/,1,261.591,1
2,4,3,/,1,311.13,1
2,4,4,/,1,400.56,2
2,4,1,Z,1,308.022,1
2,4,4,/,1,293.613,2
2,4,1,Z,1,302.57,1
2,4,2,Z,1,408.744,2
2,4,2,Z,1,439.844,2
2,4,4,/,1,308.068,2
2,4,1,Z,1,552.572,1
2,4,3,/,1,323.74,1
2,4,1,Z,1,540.874,1
2,4,4,/,1,360.943,2
2,4,3,/,1,347.553,1
2,4,4,/,1,396.034,2
2,4,2,Z,1,316.001,2
2,4,2,Z,1,362.801,2
2,4,1,Z,1,309.558,1
2,4,4,/,1,354.091,2
2,4,3,/,1,351.78,1
2,4,1,Z,1,293.961,1
2,4,3,/,1,275.32,1
2,4,2,Z,1,337.422,2
2,4,1,Z,1,364.261,1
2,5,3,/,1,332.675,1
2,5,3,/,1,281.319,1
2,5,1,Z,1,289.896,1
2,5,1,Z,1,305.879,1
2,5,3,/,1,273.727,1
2,5,2,Z,1,302.872,2
2,5,1,Z,1,290.945,1
2,5,1,Z,1,292.411,1
2,5,1,Z,1,287.124,1
2,5,3,/,1,302.345,1
2,5,1,Z,1,405.118,1
2,5,2,Z,1,405.375,2
2,5,4,/,1,365.63,2
2,5,2,Z,1,380.699,2
2,5,2,Z,1,392.317,2
2,5,4,/,1,303.893,2
2,5,4,/,1,334.031,2
2,5,2,Z,1,319.2,2
2,5,1,Z,1,542.487,1
2,5,2,Z,1,396.142,2
2,5,2,Z,1,379.844,2
2,5,3,/,1,392.027,1
2,5,3,/,1,339.878,1
2,5,1,Z,1,344.634,1
2,5,3,/,1,241.042,1
2,5,3,/,1,402.9,1
2,5,3,/,1,258.363,1
2,5,2,Z,1,337.523,2
2,5,2,Z,1,340.167,2
2,5,4,/,1,344.083,2
2,5,2,Z,1,429.779,2
2,5,4,/,1,317.094,2
2,5,4,/,1,370.163,2
2,5,4,/,1,332.214,2
2,5,4,/,1,292.793,2
2,5,1,Z,1,298.36,1
2,5,3,/,1,330.539,1
2,5,1,Z,1,301.349,1
2,5,4,/,1,364.192,2
2,6,1,Z,1,455.079,1
2,6,2,Z,1,352.329,2
2,6,2,Z,1,316.38,2
2,6,4,/,1,335.031,2
2,6,1,Z,1,483.125,1
2,6,1,Z,1,292.461,1
2,6,2,Z,1,310.387,2
2,6,1,Z,1,333.011,1
2,6,3,/,1,319.423,1
2,6,2,Z,1,368.676,2
2,6,3,/,1,319.622,1
2,6,3,/,1,254.531,1
2,6,3,/,1,340.258,1
2,6,2,Z,1,385.259,2
2,6,4,/,1,331.119,2
2,6,3,/,1,335.039,1
2,6,4,/,1,357.084,2
2,6,4,/,1,352.544,2
2,6,1,Z,1,541.373,1
2,6,1,Z,1,345.296,1
2,6,3,/,1,304.103,1
2,6,4,/,1,349.671,2
2,6,1,Z,1,329.213,1
2,6,1,Z,1,326.663,1
2,6,4,/,1,352.086,2
2,6,3,/,1,307.92,1
2,6,3,/,1,286.077,1
2,6,2,Z,1,345.334,2
2,6,3,/,1,299.649,1
2,6,1,Z,1,335.982,1
2,6,4,/,1,337.348,2
2,6,3,/,1,347.295,1
2,6,2,Z,1,362.507,2
2,6,4,/,1,307.707,2
2,6,1,Z,1,422.631,1
2,6,2,Z,1,346.025,2
2,6,2,Z,1,347.073,2
2,6,2,Z,1,335.671,2
2,6,4,/,1,325.028,2
2,7,1,Z,1,315.346,1
2,7,2,Z,1,347.267,2
2,7,2,Z,1,302.571,2
2,7,1,Z,1,302.507,1
2,7,1,Z,1,322.003,1
2,7,1,Z,1,365.578,1
2,7,1,Z,1,311.19,1
2,7,1,Z,1,246.066,1
2,7,2,Z,1,404.071,2
2,7,3,/,1,325.479,1
2,7,4,/,1,361.257,2
2,7,3,/,1,267.457,1
2,7,4,/,1,325.172,2
2,7,3,/,1,265.772,1
2,7,2,Z,1,362.207,2
2,7,3,/,1,333.114,1
2,7,3,/,1,302.157,1
2,7,2,Z,1,343.64,2
2,7,1,Z,1,315.551,1
2,7,4,/,1,282.501,2
2,7,4,/,1,394.59,2
2,7,3,/,1,275.403,1
2,7,1,Z,1,299.619,1
2,7,1,Z,1,287.444,1
2,7,4,/,1,296.42,2
2,7,1,Z,1,295.349,1
2,7,4,/,1,299.78,2
2,7,2,Z,1,345.718,2
2,7,3,/,1,374.515,1
2,7,4,/,1,355.684,2
2,7,2,Z,1,413.152,2
2,7,4,/,1,331.291,2
2,7,2,Z,1,516.376,2
2,7,3,/,1,423.952,1
2,7,4,/,1,347.332,2
2,7,3,/,1,265.54,1
2,7,4,/,1,301.82,2
2,7,2,Z,1,326.153,2
2,7,2,Z,1,616.016,2
2,7,3,/,1,520.091,1
2,8,1,Z,1,532.379,1
2,8,2,Z,1,328.885,2
2,8,2,Z,1,335.282,2
2,8,1,Z,1,307.138,1
2,8,3,/,1,263.798,1
2,8,3,/,1,259.507,1
2,8,2,Z,1,271.635,2
2,8,1,Z,1,284.568,1
2,8,4,/,1,321.147,2
2,8,3,/,1,283.545,1
2,8,1,Z,1,372.302,1
2,8,1,Z,1,317.754,1
2,8,4,/,1,406.044,2
2,8,3,/,1,306.407,1
2,8,2,Z,1,336.492,2
2,8,1,Z,1,279.092,1
2,8,1,Z,1,253.701,1
2,8,2,Z,1,257.581,2
2,8,3,/,1,429.135,1
2,8,2,Z,1,314.704,2
2,8,3,/,1,297.679,1
2,8,4,/,1,338.6,2
2,8,4,/,1,340.32,2
2,8,2,Z,1,302.55,2
2,8,4,/,1,321.067,2
2,8,4,/,1,357.451,2
2,8,1,Z,1,306.74,1
2,8,1,Z,1,350.025,1
2,8,3,/,1,276.043,1
2,8,2,Z,1,348.779,2
2,8,4,/,1,388.438,2
2,8,4,/,1,362.967,2
2,8,3,/,1,339.803,1
2,8,3,/,1,294.12,1
2,8,4,/,1,357.375,2
2,8,1,Z,1,335.288,1
2,8,3,/,1,344.164,1
2,8,2,Z,1,320.079,2
2,9,2,Z,1,416.692,2
2,9,4,/,1,380.828,2
2,9,4,/,1,310.758,2
2,9,4,/,1,329.1,2
2,9,2,Z,1,349.002,2
2,9,4,/,1,381.668,2
2,9,2,Z,1,396.833,2
2,9,1,Z,1,376.931,1
2,9,3,/,1,313.828,1
2,9,2,Z,1,365.726,2
2,9,2,Z,1,324.028,2
2,9,3,/,1,334.242,1
2,9,2,Z,1,401.654,2
2,9,4,/,1,379.802,2
2,9,4,/,1,308.252,2
2,9,3,/,1,294.706,1
2,9,3,/,1,343.074,1
2,9,1,Z,1,323.508,1
2,9,3,/,1,297.701,1
2,9,3,/,1,313.866,1
2,9,4,/,1,386.938,2
2,9,1,Z,1,336.311,1
2,9,1,Z,1,338.091,1
2,9,1,Z,1,321.931,1
2,9,4,/,1,342.195,2
2,9,2,Z,1,344.055,2
2,9,4,/,1,418.283,2
2,9,2,Z,1,342.985,2
2,9,2,Z,1,332.993,2
2,9,1,Z,1,279.827,1
2,9,3,/,1,447.901,1
2,9,3,/,1,324.571,1
2,9,1,Z,1,365.295,1
2,9,1,Z,1,311.903,1
2,9,1,Z,1,427.546,1
2,9,2,Z,1,390.023,2
2,9,3,/,1,307.961,1
2,9,4,/,1,369.637,2
2,9,3,/,1,307.743,1
2,10,4,/,1,344.65,2
2,10,3,/,1,258.195,1
2,10,1,Z,1,469.944,1
2,10,2,Z,1,319.322,2
2,10,3,/,1,313.959,1
2,10,2,Z,1,341.942,2
2,10,1,Z,1,332.65,1
2,10,3,/,1,261.632,1
2,10,4,/,1,384.734,2
2,10,1,Z,1,300.39,1
2,10,2,Z,1,292.546,2
2,10,3,/,1,306.113,1
2,10,3,/,1,265.222,1
2,10,4,/,1,364.052,2
2,10,1,Z,1,282.157,1
2,10,2,Z,1,315.039,2
2,10,2,Z,1,318.429,2
2,10,4,/,1,317.207,2
2,10,4,/,1,305.305,2
2,10,1,Z,1,344.231,1
2,10,3,/,1,296.467,1
2,10,4,/,1,320.524,2
2,10,3,/,1,300.373,1
2,10,2,Z,1,357.944,2
2,10,1,Z,1,313.593,1
2,10,4,/,1,306.116,2
2,10,3,/,1,267.132,1
2,10,1,Z,1,482.176,1
2,10,4,/,1,324.137,2
2,10,4,/,1,321.254,2
2,10,2,Z,1,317.388,2
2,10,1,Z,1,284.579,1
2,10,2,Z,1,300.646,2
2,10,3,/,1,324.536,1
2,10,4,/,1,351.51,2
2,10,2,Z,1,380.816,2
2,10,1,Z,1,290.157,1
2,10,1,Z,1,248.46,1
2,10,3,/,1,282.808,1
2,11,4,/,1,340.143,2
2,11,2,Z,1,324.005,2
2,11,2,Z,1,343.489,2
2,11,2,Z,1,342.373,2
2,11,4,/,1,394.444,2
2,11,2,Z,1,362.275,2
2,11,1,Z,1,302.69,1
2,11,3,/,1,302.835,1
2,11,4,/,1,339.31,2
2,11,3,/,1,278.05,1
2,11,4,/,1,347.459,2
2,11,3,/,1,254.782,1
2,11,1,Z,1,271.723,1
2,11,4,/,1,366.943,2
2,11,2,Z,1,321.704,2
2,11,3,/,1,620.661,1
2,11,2,Z,1,317.431,2
2,11,1,Z,1,304.628,1
2,11,2,Z,1,352.251,2
2,11,1,Z,1,297.401,1
2,11,2,Z,1,284.573,2
2,11,4,/,1,299.858,2
2,11,4,/,1,305.436,2
2,11,3,/,1,273.373,1
2,11,2,Z,1,325.603,2
2,11,4,/,1,330.23,2
2,11,1,Z,1,493.145,1
2,11,1,Z,1,290.18,1
2,11,1,Z,1,278.608,1
2,11,4,/,1,310.158,2
2,11,3,/,1,306.302,1
2,11,3,/,1,289.694,1
2,11,3,/,1,271.316,1
2,11,3,/,1,254.783,1
2,11,1,Z,1,311.945,1
2,11,1,Z,1,266.893,1
2,11,2,Z,1,283.74,2
2,11,4,/,1,295.752,2
2,11,3,/,1,300.854,1
2,11,1,Z,1,308.86,1
2,12,1,Z,1,293.854,1
2,12,4,/,1,344.571,2
2,12,1,Z,1,338.948,1
2,12,1,Z,1,315.871,1
2,12,2,Z,1,394.357,2
2,12,2,Z,1,344.506,2
2,12,3,/,1,299.21,1
2,12,2,Z,1,353.761,2
2,12,4,/,1,351.92,2
2,12,4,/,1,325.901,2
2,12,4,/,1,381.329,2
2,12,2,Z,1,337.316,2
2,12,4,/,1,309.395,2
2,12,2,Z,1,338.026,2
2,12,2,Z,1,313.985,2
2,12,3,/,1,382.27,1
2,12,2,Z,1,443.99,2
2,12,3,/,1,393.193,1
2,12,3,/,1,308.067,1
2,12,3,/,1,282.485,1
2,12,2,Z,1,350.602,2
2,12,1,Z,1,307.316,1
2,12,3,/,1,397.489,1
2,12,4,/,1,420.71,2
2,12,3,/,1,287.594,1
2,12,1,Z,1,304.118,1
2,12,4,/,1,342.166,2
2,12,3,/,1,288.407,1
2,12,3,/,1,374.13,1
2,12,1,Z,1,313.878,1
2,12,1,Z,1,364.771,1
2,12,2,Z,1,365.268,2
2,12,4,/,1,356.937,2
2,12,2,Z,1,338.89,2
2,12,1,Z,1,349.288,1
2,12,4,/,1,325.401,2
2,12,1,Z,1,398.266,1
3,2,3,/,1,489.386,1
3,2,3,/,1,628.678,1
3,2,1,Z,1,311.234,1
3,2,4,/,1,816.937,2
3,2,4,/,1,562.901,2
3,2,3,/,1,684.875,1
3,2,2,Z,1,618.023,2
3,2,2,Z,1,779.592,2
3,2,2,Z,1,876.582,2
3,2,4,/,1,807.454,2
3,2,1,Z,1,748.955,1
3,2,4,/,1,641.019,2
3,2,3,/,1,983.599,1
3,2,1,Z,1,504.926,1
3,2,2,Z,1,542.815,2
3,2,1,Z,1,596.81,1
3,2,2,Z,1,476.504,2
3,2,1,Z,1,626.421,1
3,2,3,/,1,580.839,1
3,2,1,Z,1,468.985,1
3,2,1,Z,1,735.988,1
3,2,3,/,1,565.434,1
3,2,2,Z,1,847.476,2
3,2,4,/,1,956.25,2
3,2,1,Z,1,509.984,1
3,2,2,Z,1,596.222,2
3,2,3,/,1,543.29,1
3,2,3,/,1,807.818,1
3,2,3,/,1,490.983,1
3,2,2,Z,1,506.565,2
3,2,4,/,1,730.512,2
3,2,2,Z,1,520.226,2
3,2,3,/,1,550.714,1
3,2,1,Z,1,526.877,1
3,2,4,/,1,810.931,2
3,2,2,Z,1,869.927,2
3,2,4,/,1,629.163,2
3,2,1,Z,1,599.417,1
3,3,2,Z,1,452.832,2
3,3,3,/,1,341.496,1
3,3,4,/,1,838.73,2
3,3,4,/,1,410.769,2
3,3,1,Z,1,432.242,1
3,3,1,Z,1,545.314,1
3,3,2,Z,1,489.464,2
3,3,3,/,1,286.055,1
3,3,3,/,1,481.082,1
3,3,1,Z,1,254.127,1
3,3,3,/,1,266.047,1
3,3,4,/,1,631.577,2
3,3,1,Z,1,260.481,1
3,3,1,Z,1,359.618,1
3,3,2,Z,1,556.18,2
3,3,4,/,1,297.84,2
3,3,2,Z,1,527.866,2
3,3,3,/,1,445.074,1
3,3,4,/,1,488.784,2
3,3,1,Z,1,460.346,1
3,3,3,/,1,428.031,1
3,3,1,Z,1,607.439,1
3,3,2,Z,1,451.266,2
3,3,2,Z,1,407.13,2
3,3,3,/,1,435.028,1
3,3,2,Z,1,544.001,2
3,3,2,Z,1,377.727,2
3,3,2,Z,1,365.173,2
3,3,1,Z,1,388.268,1
3,3,4,/,1,425.59,2
3,3,4,/,1,411.888,2
3,3,3,/,1,543.099,1
3,3,3,/,1,292.925,1
3,3,2,Z,1,452.34,2
3,3,4,/,1,489.483,2
3,3,1,Z,1,687.194,1
3,3,3,/,1,334.345,1
3,3,1,Z,1,290.557,1
3,4,2,Z,1,728.97,2
3,4,1,Z,1,437.904,1
3,4,3,/,1,264.775,1
3,4,4,/,1,516.432,2
3,4,3,/,1,377.298,1
3,4,1,Z,1,380.284,1
3,4,2,Z,1,620.019,2
3,4,3,/,1,522.519,1
3,4,4,/,1,481.32,2
3,4,4,/,1,418.544,2
3,4,1,Z,1,536.42,1
3,4,2,Z,1,555.196,2
3,4,3,/,1,411.192,1
3,4,3,/,1,508.455,1
3,4,1,Z,1,503.86,1
3,4,4,/,1,449.916,2
3,4,1,Z,1,349.242,1
3,4,4,/,1,429.006,2
3,4,2,Z,1,408.989,2
3,4,2,Z,1,388.195,2
3,4,2,Z,1,380.545,2
3,4,2,Z,1,379.447,2
3,4,3,/,1,623.731,1
3,4,4,/,1,459.672,2
3,4,3,/,1,442.294,1
3,4,4,/,1,498.772,2
3,4,1,Z,1,458.912,1
3,4,1,Z,1,436.805,1
3,4,3,/,1,458.391,1
3,4,2,Z,1,496.144,2
3,4,4,/,1,758.587,2
3,4,3,/,1,480.812,1
3,4,1,Z,1,404.144,1
3,4,4,/,1,928.2,2
3,4,1,Z,1,375.194,1
3,4,1,Z,1,439.962,1
3,4,2,Z,1,499.19,2
3,5,4,/,1,382.548,2
3,5,1,Z,1,483.119,1
3,5,4,/,1,431.511,2
3,5,2,Z,1,461.121,2
3,5,2,Z,1,824.945,2
3,5,4,/,1,422.204,2
3,5,2,Z,1,714.385,2
3,5,4,/,1,654.72,2
3,5,3,/,1,548.966,1
3,5,3,/,1,414.481,1
3,5,2,Z,1,420.483,2
3,5,1,Z,1,435.021,1
3,5,2,Z,1,388.868,2
3,5,1,Z,1,430.191,1
3,5,3,/,1,341.06,1
3,5,2,Z,1,376.559,2
3,5,4,/,1,449.015,2
3,5,3,/,1,641.224,1
3,5,3,/,1,467.67,1
3,5,4,/,1,542.901,2
3,5,1,Z,1,415.27,1
3,5,4,/,1,603.589,2
3,5,1,Z,1,256.288,1
3,5,1,Z,1,320.204,1
3,5,3,/,1,294.411,1
3,5,3,/,1,298.445,1
3,5,2,Z,1,391.564,2
3,5,4,/,1,357.032,2
3,5,1,Z,1,555.866,1
3,5,2,Z,1,433.286,2
3,5,4,/,1,421.638,2
3,5,1,Z,1,498.154,1
3,5,1,Z,1,681.604,1
3,5,3,/,1,414.857,1
3,5,1,Z,1,297.327,1
3,5,2,Z,1,411.865,2
3,5,4,/,1,411.23,2
3,5,3,/,1,284.923,1
3,6,1,Z,1,407.684,1
3,6,4,/,1,444.081,2
3,6,2,Z,1,384.576,2
3,6,4,/,1,465.835,2
3,6,4,/,1,401.757,2
3,6,2,Z,1,545.21,2
3,6,2,Z,1,431.305,2
3,6,3,/,1,302.61,1
3,6,3,/,1,367.555,1
3,6,3,/,1,461.012,1
3,6,3,/,1,329.11,1
3,6,3,/,1,364.43,1
3,6,2,Z,1,386.392,2
3,6,1,Z,1,445.9,1
3,6,1,Z,1,331.822,1
3,6,3,/,1,263.132,1
3,6,1,Z,1,373.269,1
3,6,2,Z,1,455.231,2
3,6,1,Z,1,355.389,1
3,6,3,/,1,302.669,1
3,6,4,/,1,393.872,2
3,6,4,/,1,470.933,2
3,6,4,/,1,556.637,2
3,6,3,/,1,301.557,1
3,6,1,Z,1,338.398,1
3,6,2,Z,1,568.534,2
3,6,2,Z,1,332.743,2
3,6,1,Z,1,325.001,1
3,6,1,Z,1,344.843,1
3,6,1,Z,1,328.227,1
3,6,2,Z,1,414.149,2
3,6,3,/,1,305.12,1
3,6,2,Z,1,427.362,2
3,6,4,/,1,378.826,2
3,6,4,/,1,610.976,2
3,6,2,Z,1,451.597,2
3,6,3,/,1,832.65,1
3,7,2,Z,1,447.254,2
3,7,2,Z,1,634.028,2
3,7,3,/,1,378.208,1
3,7,1,Z,1,441.636,1
3,7,1,Z,1,353.616,1
3,7,3,/,1,316.841,1
3,7,2,Z,1,423.579,2
3,7,4,/,1,336.841,2
3,7,4,/,1,284.419,2
3,7,2,Z,1,272.978,2
3,7,2,Z,1,360.319,2
3,7,2,Z,1,410.453,2
3,7,1,Z,1,516.717,1
3,7,4,/,1,405.95,2
3,7,4,/,1,401.415,2
3,7,3,/,1,544.755,1
3,7,2,Z,1,379.758,2
3,7,1,Z,1,706.766,1
3,7,4,/,1,345.866,2
3,7,2,Z,1,453.584,2
3,7,3,/,1,466.456,1
3,7,1,Z,1,459.557,1
3,7,1,Z,1,419.273,1
3,7,4,/,1,424.505,2
3,7,3,/,1,585.289,1
3,7,1,Z,1,333.954,1
3,7,3,/,1,314.924,1
3,7,1,Z,1,292.311,1
3,7,2,Z,1,614.699,2
3,7,3,/,1,538.381,1
3,7,3,/,1,473.187,1
3,7,3,/,1,303.662,1
3,7,1,Z,1,310.96,1
3,7,4,/,1,400.361,2
3,7,4,/,1,395.925,2
3,7,2,Z,1,305.283,2
3,7,4,/,1,337.439,2
3,8,2,Z,1,327.143,2
3,8,4,/,1,356.466,2
3,8,1,Z,1,350.899,1
3,8,2,Z,1,355.1,2
3,8,1,Z,1,466.696,1
3,8,1,Z,1,447.562,1
3,8,4,/,1,409.272,2
3,8,1,Z,1,296.158,1
3,8,2,Z,1,372.103,2
3,8,1,Z,1,292.115,1
3,8,4,/,1,284.489,2
3,8,4,/,1,235.058,2
3,8,3,/,1,339.698,1
3,8,4,/,1,457.445,2
3,8,4,/,1,401.989,2
3,8,2,Z,1,291.801,2
3,8,3,/,1,367.815,1
3,8,3,/,1,505.396,1
3,8,2,Z,1,402.065,2
3,8,2,Z,1,431.176,2
3,8,1,Z,1,547.155,1
3,8,4,/,1,321.143,2
3,8,2,Z,1,410.623,2
3,8,3,/,1,650.117,1
3,8,4,/,1,415.824,2
3,8,1,Z,1,512.89,1
3,8,4,/,1,624.412,2
3,8,1,Z,1,371.043,1
3,8,3,/,1,628.207,1
3,8,1,Z,1,566.085,1
3,8,3,/,1,497.168,1
3,8,2,Z,1,552.607,2
3,8,4,/,1,400.798,2
3,8,3,/,1,786.615,1
3,9,3,/,1,330.438,1
3,9,1,Z,1,350.68,1
3,9,3,/,1,629.632,1
3,9,2,Z,1,525.24,2
3,9,2,Z,1,354.778,2
3,9,4,/,1,402.173,2
3,9,2,Z,1,841.039,2
3,9,3,/,1,294.692,1
3,9,3,/,1,399.496,1
3,9,3,/,1,389.471,1
3,9,4,/,1,382.085,2
3,9,4,/,1,291.921,2
3,9,1,Z,1,386.82,1
3,9,4,/,1,333.985,2
3,9,1,Z,1,519.518,1
3,9,4,/,1,351.984,2
3,9,3,/,1,812.464,1
3,9,4,/,1,933.363,2
3,9,1,Z,1,422.712,1
3,9,1,Z,1,710.519,1
3,9,2,Z,1,557.013,2
3,9,1,Z,1,674.69,1
3,9,4,/,1,389.732,2
3,9,3,/,1,765.611,1
3,9,4,/,1,326.468,2
3,9,4,/,1,624.548,2
3,9,4,/,1,367.17,2
3,9,3,/,1,470.574,1
3,9,1,Z,1,286.7,1
3,9,1,Z,1,464.712,1
3,9,1,Z,1,461.413,1
3,9,2,Z,1,399.179,2
3,9,3,/,1,275.636,1
3,9,1,Z,1,247.416,1
3,9,2,Z,1,358.624,2
3,9,2,Z,1,380.621,2
3,9,2,Z,1,373.224,2
3,9,2,Z,1,301.171,2
3,9,3,/,1,235.549,1
3,10,4,/,1,471.654,2
3,10,2,Z,1,444.538,2
3,10,1,Z,1,836.394,1
3,10,1,Z,1,767.94,1
3,10,3,/,1,443.04,1
3,10,1,Z,1,555.091,1
3,10,1,Z,1,615.304,1
3,10,3,/,1,452.399,1
3,10,4,/,1,288.258,2
3,10,4,/,1,295.897,2
3,10,2,Z,1,341.055,2
3,10,2,Z,1,424.493,2
3,10,1,Z,1,461.012,1
3,10,3,/,1,247.434,1
3,10,3,/,1,276.98,1
3,10,3,/,1,470.779,1
3,10,2,Z,1,367.667,2
3,10,3,/,1,294.574,1
3,10,3,/,1,301.494,1
3,10,1,Z,1,328.646,1
3,10,3,/,1,276.499,1
3,10,1,Z,1,435.639,1
3,10,1,Z,1,413.71,1
3,10,4,/,1,460.182,2
3,10,3,/,1,331.035,1
3,10,4,/,1,387.65,2
3,10,4,/,1,363.23,2
3,10,4,/,1,308.034,2
3,10,2,Z,1,323.12,2
3,10,2,Z,1,442.154,2
3,10,2,Z,1,651.233,2
3,10,2,Z,1,387.085,2
3,10,3,/,1,373.857,1
3,10,4,/,1,429.854,2
3,10,4,/,1,363.889,2
3,10,2,Z,1,457.907,2
3,10,2,Z,1,394.653,2
3,10,1,Z,1,566.487,1
3,11,2,Z,1,378.59,2
3,11,2,Z,1,432.46,2
3,11,1,Z,1,537.434,1
3,11,2,Z,1,403.171,2
3,11,4,/,1,335.162,2
3,11,4,/,1,295.31,2
3,11,1,Z,1,512.315,1
3,11,1,Z,1,429.117,1
3,11,3,/,1,367.708,1
3,11,4,/,1,377.718,2
3,11,3,/,1,326.331,1
3,11,1,Z,1,383.948,1
3,11,4,/,1,366.477,2
3,11,3,/,1,365.319,1
3,11,1,Z,1,342.381,1
3,11,2,Z,1,615.408,2
3,11,1,Z,1,545.169,1
3,11,3,/,1,251.574,1
3,11,2,Z,1,408.441,2
3,11,3,/,1,344.406,1
3,11,2,Z,1,382.021,2
3,11,2,Z,1,804.162,2
3,11,4,/,1,415.443,2
3,11,1,Z,1,544.232,1
3,11,2,Z,1,424.964,2
3,11,1,Z,1,592.987,1
3,11,4,/,1,373.327,2
3,11,2,Z,1,394.266,2
3,11,1,Z,1,673.122,1
3,11,2,Z,1,397.064,2
3,11,4,/,1,407.523,2
3,11,3,/,1,286.203,1
3,11,3,/,1,319.528,1
3,11,3,/,1,310.808,1
3,12,1,Z,1,492.976,1
3,12,3,/,1,242.038,1
3,12,2,Z,1,412.921,2
3,12,4,/,1,799.627,2
3,12,4,/,1,797.752,2
3,12,1,Z,1,290.601,1
3,12,2,Z,1,526.456,2
3,12,2,Z,1,429.93,2
3,12,2,Z,1,917.236,2
3,12,4,/,1,481.661,2
3,12,3,/,1,829.278,1
3,12,2,Z,1,431.019,2
3,12,4,/,1,991.729,2
3,12,3,/,1,677.601,1
3,12,1,Z,1,508.056,1
3,12,1,Z,1,582.384,1
3,12,1,Z,1,646.807,1
3,12,3,/,1,277.489,1
3,12,2,Z,1,403.96,2
3,12,1,Z,1,495.477,1
3,12,1,Z,1,473.335,1
3,12,2,Z,1,376.169,2
3,12,4,/,1,360.862,2
3,12,4,/,1,316.18,2
3,12,3,/,1,375.734,1
3,12,4,/,1,454.333,2
3,12,3,/,1,367.937,1
3,12,3,/,1,326.795,1
3,12,4,/,1,772.91,2
3,12,2,Z,1,463.245,2
3,12,2,Z,1,426.458,2
3,12,4,/,1,664.899,2
3,12,3,/,1,749.568,1
3,12,3,/,1,359.305,1
3,12,4,/,1,389.229,2
3,12,2,Z,1,334.569,2
4,2,4,/,1,462.313,2
4,2,1,Z,1,421.2,1
4,2,2,Z,1,499.253,2
4,2,3,/,1,526.987,1
4,2,3,/,1,540.665,1
4,2,3,/,1,411.005,1
4,2,4,/,1,474.603,2
4,2,1,Z,1,422.146,1
4,2,1,Z,1,356.432,1
4,2,2,Z,1,544.363,2
4,2,3,/,1,453.704,1
4,2,4,/,1,489.937,2
4,2,4,/,1,433.973,2
4,2,2,Z,1,420.075,2
4,2,2,Z,1,398.92,2
4,2,2,Z,1,417.394,2
4,2,3,/,1,375.858,1
4,2,1,Z,1,338.234,1
4,2,2,Z,1,402.118,2
4,2,1,Z,1,348.139,1
4,2,2,Z,1,387.75,2
4,2,4,/,1,500.669,2
4,2,4,/,1,464.92,2
4,2,3,/,1,272.636,1
4,2,3,/,1,309.889,1
4,2,4,/,1,447.311,2
4,2,3,/,1,426.666,1
4,2,1,Z,1,387.29,1
4,2,1,Z,1,339.243,1
4,2,1,Z,1,437.619,1
4,2,3,/,1,378.532,1
4,2,2,Z,1,532.882,2
4,2,1,Z,1,404.032,1
4,2,2,Z,1,645.6,2
4,2,1,Z,1,335.657,1
4,2,4,/,1,426.807,2
4,2,3,/,1,312.259,1
4,2,4,/,1,467.71,2
4,2,2,Z,1,585.344,2
4,2,4,/,1,407.146,2
4,3,3,/,1,460.095,1
4,3,4,/,1,402.464,2
4,3,3,/,1,291.799,1
4,3,1,Z,1,481.185,1
4,3,4,/,1,326.257,2
4,3,1,Z,1,440.119,1
4,3,1,Z,1,651.655,1
4,3,2,Z,1,487.774,2
4,3,1,Z,1,444.018,1
4,3,2,Z,1,373.152,2
4,3,2,Z,1,370.944,2
4,3,2,Z,1,348.287,2
4,3,4,/,1,460.597,2
4,3,2,Z,1,355.605,2
4,3,3,/,1,381.251,1
4,3,1,Z,1,298.524,1
4,3,4,/,1,392.316,2
4,3,4,/,1,467.988,2
4,3,2,Z,1,371.572,2
4,3,2,Z,1,366.224,2
4,3,3,/,1,496.332,1
4,3,4,/,1,400.976,2
4,3,4,/,1,363.9,2
4,3,4,/,1,355.245,2
4,3,3,/,1,423.513,1
4,3,1,Z,1,487.505,1
4,3,1,Z,1,358.448,1
4,3,3,/,1,369.348,1
4,3,3,/,1,488.101,1
4,3,4,/,1,418.137,2
4,3,3,/,1,322.219,1
4,3,3,/,1,305.259,1
4,3,1,Z,1,336.429,1
4,3,1,Z,1,357.322,1
4,3,3,/,1,442.159,1
4,3,2,Z,1,412.426,2
4,3,1,Z,1,416.463,1
4,3,2,Z,1,521.043,2
4,3,4,/,1,355.391,2
4,3,2,Z,1,357.943,2
4,4,4,/,1,401.634,2
4,4,1,Z,1,358.445,1
4,4,3,/,1,386.076,1
4,4,4,/,1,478.592,2
4,4,4,/,1,341.342,2
4,4,2,Z,1,376.528,2
4,4,4,/,1,310.805,2
4,4,3,/,1,340.415,1
4,4,3,/,1,313.039,1
4,4,3,/,1,416.9,1
4,4,1,Z,1,346.743,1
4,4,1,Z,1,356.698,1
4,4,1,Z,1,316.528,1
4,4,1,Z,1,329.395,1
4,4,2,Z,1,364.628,2
4,4,1,Z,1,424.903,1
4,4,2,Z,1,522.27,2
4,4,3,/,1,484.987,1
4,4,1,Z,1,397.496,1
4,4,4,/,1,360.492,2
4,4,1,Z,1,342.052,1
4,4,2,Z,1,442.738,2
4,4,4,/,1,390.226,2
4,4,2,Z,1,394.981,2
4,4,4,/,1,432.2,2
4,4,4,/,1,404.943,2
4,4,2,Z,1,407.979,2
4,4,1,Z,1,522.182,1
4,4,3,/,1,333.525,1
4,4,4,/,1,506.899,2
4,4,1,Z,1,659.922,1
4,4,4,/,1,459.028,2
4,4,3,/,1,393.097,1
4,4,3,/,1,395.64,1
4,4,2,Z,1,655.272,2
4,4,2,Z,1,535.734,2
4,5,4,/,1,400.999,2
4,5,4,/,1,342.268,2
4,5,1,Z,1,530.216,1
4,5,4,/,1,400.825,2
4,5,1,Z,1,525.208,1
4,5,1,Z,1,429.991,1
4,5,1,Z,1,416.987,1
4,5,2,Z,1,484.457,2
4,5,3,/,1,525.916,1
4,5,1,Z,1,455.697,1
4,5,3,/,1,431.272,1
4,5,2,Z,1,570.107,2
4,5,3,/,1,420.235,1
4,5,3,/,1,468.188,1
4,5,4,/,1,537.87,2
4,5,3,/,1,388.124,1
4,5,4,/,1,498.252,2
4,5,1,Z,1,445.917,1
4,5,3,/,1,516.099,1
4,5,4,/,1,466.749,2
4,5,1,Z,1,397.151,1
4,5,2,Z,1,426.485,2
4,5,4,/,1,351.932,2
4,5,4,/,1,450.271,2
4,5,2,Z,1,420.848,2
4,5,4,/,1,389.71,2
4,5,2,Z,1,450.418,2
4,5,1,Z,1,403.669,1
4,5,2,Z,1,419.913,2
4,5,2,Z,1,357.047,2
4,5,2,Z,1,519.582,2
4,5,4,/,1,396.728,2
4,5,2,Z,1,460.697,2
4,5,3,/,1,646.682,1
4,5,3,/,1,511.722,1
4,5,1,Z,1,322.288,1
4,5,3,/,1,552.398,1
4,5,1,Z,1,341.871,1
4,5,3,/,1,361.777,1
4,5,2,Z,1,559.091,2
4,6,2,Z,1,480.613,2
4,6,4,/,1,486.47,2
4,6,1,Z,1,387.551,1
4,6,2,Z,1,376.741,2
4,6,3,/,1,441.928,1
4,6,2,Z,1,359.208,2
4,6,4,/,1,336.58,2
4,6,3,/,1,392.617,1
4,6,1,Z,1,494.857,1
4,6,3,/,1,415.6,1
4,6,4,/,1,448.091,2
4,6,4,/,1,461.377,2
4,6,4,/,1,538.534,2
4,6,2,Z,1,513.185,2
4,6,2,Z,1,770.393,2
4,6,1,Z,1,487.258,1
4,6,1,Z,1,738.659,1
4,6,2,Z,1,531.15,2
4,6,3,/,1,494.327,1
4,6,3,/,1,509.544,1
4,6,3,/,1,498.416,1
4,6,4,/,1,399.161,2
4,6,1,Z,1,455.578,1
4,6,1,Z,1,369.712,1
4,6,3,/,1,318.87,1
4,6,2,Z,1,488.778,2
4,6,2,Z,1,428.82,2
4,6,1,Z,1,602.848,1
4,6,4,/,1,386.373,2
4,6,4,/,1,453.482,2
4,6,1,Z,1,350.878,1
4,6,4,/,1,404.184,2
4,6,2,Z,1,488.579,2
4,6,3,/,1,382.291,1
4,6,1,Z,1,402.605,1
4,6,3,/,1,322.261,1
4,6,1,Z,1,430.846,1
4,6,2,Z,1,570.387,2
4,6,4,/,1,365.265,2
4,7,1,Z,1,485.348,1
4,7,2,Z,1,607.129,2
4,7,3,/,1,469.019,1
4,7,1,Z,1,703.734,1
4,7,3,/,1,369.358,1
4,7,2,Z,1,441.795,2
4,7,4,/,1,371.305,2
4,7,1,Z,1,468.988,1
4,7,3,/,1,408.89,1
4,7,1,Z,1,309.854,1
4,7,2,Z,1,584.565,2
4,7,2,Z,1,484.589,2
4,7,3,/,1,439.389,1
4,7,1,Z,1,371.39,1
4,7,2,Z,1,482.244,2
4,7,3,/,1,380.642,1
4,7,3,/,1,478.794,1
4,7,4,/,1,410.789,2
4,7,3,/,1,440.045,1
4,7,1,Z,1,409.187,1
4,7,4,/,1,462.3,2
4,7,3,/,1,494.699,1
4,7,3,/,1,407.863,1
4,7,4,/,1,430.98,2
4,7,4,/,1,415.14,2
4,7,1,Z,1,599.182,1
4,7,2,Z,1,436.423,2
4,7,4,/,1,358.003,2
4,7,2,Z,1,451.175,2
4,7,1,Z,1,386.73,1
4,7,1,Z,1,341.166,1
4,7,2,Z,1,373.974,2
4,7,2,Z,1,365.473,2
4,7,3,/,1,393.763,1
4,7,4,/,1,467.337,2
4,7,4,/,1,326.871,2
4,7,1,Z,1,353.592,1
4,7,2,Z,1,415.355,2
4,7,4,/,1,370.581,2
4,7,4,/,1,450.926,2
4,8,3,/,1,410.217,1
4,8,1,Z,1,303.527,1
4,8,4,/,1,344.895,2
4,8,4,/,1,640.889,2
4,8,2,Z,1,330.903,2
4,8,3,/,1,327.076,1
4,8,4,/,1,303.078,2
4,8,4,/,1,300.459,2
4,8,3,/,1,423.203,1
4,8,4,/,1,435.65,2
4,8,3,/,1,575.897,1
4,8,1,Z,1,350.511,1
4,8,1,Z,1,374.158,1
4,8,1,Z,1,420.465,1
4,8,2,Z,1,425.748,2
4,8,2,Z,1,352.098,2
4,8,1,Z,1,387.231,1
4,8,1,Z,1,384.542,1
4,8,2,Z,1,423.952,2
4,8,2,Z,1,352.054,2
4,8,4,/,1,421.938,2
4,8,3,/,1,509.795,1
4,8,1,Z,1,349.502,1
4,8,2,Z,1,404.931,2
4,8,3,/,1,427.082,1
4,8,2,Z,1,472.983,2
4,8,1,Z,1,399.148,1
4,8,2,Z,1,444.934,2
4,8,4,/,1,382.8,2
4,8,4,/,1,419.643,2
4,8,3,/,1,487.154,1
4,8,1,Z,1,423.531,1
4,8,3,/,1,372.581,1
4,8,4,/,1,304.185,2
4,8,1,Z,1,433.842,1
4,8,4,/,1,383.611,2
4,8,3,/,1,307.131,1
4,8,2,Z,1,504.248,2
4,8,3,/,1,392.503,1
4,9,3,/,1,256.459,1
4,9,1,Z,1,371.679,1
4,9,4,/,1,356.112,2
4,9,1,Z,1,358.893,1
4,9,3,/,1,387.03,1
4,9,2,Z,1,471.687,2
4,9,2,Z,1,475.224,2
4,9,2,Z,1,369.557,2
4,9,3,/,1,385.634,1
4,9,1,Z,1,354.424,1
4,9,4,/,1,284.602,2
4,9,2,Z,1,397.883,2
4,9,4,/,1,307.889,2
4,9,2,Z,1,413.873,2
4,9,2,Z,1,456.8,2
4,9,4,/,1,349.459,2
4,9,4,/,1,344.744,2
4,9,1,Z,1,413.541,1
4,9,4,/,1,428.657,2
4,9,3,/,1,751.323,1
4,9,1,Z,1,657.125,1
4,9,3,/,1,477.789,1
4,9,3,/,1,520.307,1
4,9,4,/,1,381.445,2
4,9,4,/,1,347.883,2
4,9,1,Z,1,375.506,1
4,9,3,/,1,288.015,1
4,9,3,/,1,217.601,1
4,9,2,Z,1,599.446,2
4,9,2,Z,1,467.929,2
4,9,1,Z,1,556.293,1
4,9,2,Z,1,449.429,2
4,9,3,/,1,581.157,1
4,9,1,Z,1,386.001,1
4,9,2,Z,1,413.017,2
4,9,4,/,1,364.645,2
4,9,3,/,1,448.184,1
4,9,1,Z,1,428.42,1
4,9,1,Z,1,366.998,1
4,10,2,Z,1,418.824,2
4,10,2,Z,1,530.184,2
4,10,1,Z,1,404,1
4,10,3,/,1,539.578,1
4,10,3,/,1,252.299,1
4,10,3,/,1,274.431,1
4,10,4,/,1,375.676,2
4,10,4,/,1,402.014,2
4,10,2,Z,1,456.64,2
4,10,2,Z,1,404.272,2
4,10,4,/,1,333.266,2
4,10,2,Z,1,332.326,2
4,10,2,Z,1,356.327,2
4,10,1,Z,1,362.34,1
4,10,4,/,1,343.766,2
4,10,1,Z,1,482.177,1
4,10,3,/,1,329.43,1
4,10,4,/,1,382.001,2
4,10,1,Z,1,508.975,1
4,10,3,/,1,381.329,1
4,10,3,/,1,413.921,1
4,10,2,Z,1,589.364,2
4,10,4,/,1,358.304,2
4,10,2,Z,1,445.915,2
4,10,4,/,1,317.163,2
4,10,4,/,1,393.529,2
4,10,1,Z,1,318.824,1
4,10,2,Z,1,628.299,2
4,10,1,Z,1,373.083,1
4,10,3,/,1,447.921,1
4,10,1,Z,1,393.93,1
4,10,3,/,1,320.908,1
4,10,1,Z,1,298.079,1
4,10,3,/,1,233.153,1
4,10,4,/,1,393.37,2
4,10,4,/,1,319.042,2
4,11,3,/,1,317.551,1
4,11,1,Z,1,643.857,1
4,11,2,Z,1,508.052,2
4,11,2,Z,1,388.483,2
4,11,1,Z,1,321.42,1
4,11,3,/,1,353.511,1
4,11,1,Z,1,324.157,1
4,11,3,/,1,378.732,1
4,11,2,Z,1,519.661,2
4,11,1,Z,1,357.793,1
4,11,4,/,1,328.589,2
4,11,4,/,1,464.91,2
4,11,3,/,1,397.05,1
4,11,1,Z,1,287.128,1
4,11,3,/,1,404.924,1
4,11,4,/,1,370.887,2
4,11,3,/,1,426.476,1
4,11,1,Z,1,339.632,1
4,11,4,/,1,334.659,2
4,11,2,Z,1,384.148,2
4,11,3,/,1,373.033,1
4,11,3,/,1,367.11,1
4,11,1,Z,1,327.206,1
4,11,4,/,1,358.315,2
4,11,3,/,1,419.01,1
4,11,2,Z,1,599.727,2
4,11,4,/,1,459.043,2
4,11,4,/,1,377.656,2
4,11,4,/,1,380.229,2
4,11,2,Z,1,493.532,2
4,11,2,Z,1,415.011,2
4,11,1,Z,1,341.191,1
4,11,3,/,1,396.587,1
4,11,4,/,1,460.303,2
4,11,1,Z,1,332.001,1
4,11,4,/,1,390.987,2
4,12,2,Z,1,493.588,2
4,12,1,Z,1,382.152,1
4,12,2,Z,1,366.24,2
4,12,3,/,1,772.85,1
4,12,1,Z,1,415.373,1
4,12,4,/,1,633.466,2
4,12,4,/,1,472.617,2
4,12,1,Z,1,376.372,1
4,12,4,/,1,374.298,2
4,12,1,Z,1,449.02,1
4,12,3,/,1,324.569,1
4,12,3,/,1,253.407,1
4,12,4,/,1,480.539,2
4,12,4,/,1,335.463,2
4,12,1,Z,1,585.071,1
4,12,4,/,1,355.532,2
4,12,3,/,1,422.881,1
4,12,4,/,1,403.475,2
4,12,2,Z,1,695.916,2
4,12,2,Z,1,426.215,2
4,12,3,/,1,430.803,1
4,12,1,Z,1,418.556,1
4,12,3,/,1,612.456,1
4,12,3,/,1,495.424,1
4,12,4,/,1,412.788,2
4,12,2,Z,1,561.572,2
4,12,4,/,1,441.254,2
4,12,3,/,1,527.949,1
4,12,4,/,1,464.963,2
4,12,2,Z,1,479.884,2
4,12,1,Z,1,379.727,1
4,12,1,Z,1,392.568,1
4,12,2,Z,1,469.806,2
4,12,3,/,1,451.067,1
4,12,2,Z,1,427.723,2
4,12,1,Z,1,402.354,1
