SubNo,BlkNo,Trty,Resp,Cor,RT,PFresp,PFno,Congru,Effector,BadSub,Practice,RTinBounds
2,2,2,Z,1,271.451,567.951,1.779,2,1,0,0,1
2,2,1,Z,1,254.265,472.541,0.091,1,1,0,0,1
2,2,1,Z,1,247.37,541.902,0.944,1,1,0,0,1
2,2,2,Z,1,470.096,480.785,0.672,2,1,0,0,1
2,2,3,/,1,279.635,407.694,1.8,1,2,0,0,1
2,2,4,/,1,328.766,497.843,1.297,2,2,0,0,1
2,2,4,/,1,322.19,470.335,3.232,2,2,0,0,1
2,2,4,/,1,347.375,394.73,2.38,2,2,0,0,1
2,2,1,Z,1,308.944,465.864,-0.908,1,1,0,0,1
2,2,1,Z,1,263.983,532.438,0.599,1,1,0,0,1
2,2,3,/,1,246.438,361.794,2.69,1,2,0,0,1
2,2,3,/,1,394.177,392.479,2.497,1,2,0,0,1
2,2,4,/,1,424.894,404.208,1.181,2,2,0,0,1
2,2,4,/,1,288.24,343.836,2.477,2,2,0,0,1
2,2,3,/,1,250.294,380.786,7.896,1,2,0,0,1
2,2,2,Z,1,343.135,577.414,-6.191,2,1,0,0,1
2,2,3,/,1,293.099,444.244,1.587,1,2,0,0,1
2,2,2,Z,1,441.285,485.217,33.009,2,1,0,0,1
2,2,2,Z,1,337.433,477.36,1.834,2,1,0,0,1
2,2,3,/,1,291.534,394.385,2.671,1,2,0,0,1
2,2,2,Z,1,315.417,455.955,-0.036,2,1,0,0,1
2,2,1,Z,1,289.936,479.992,-1.725,1,1,0,0,1
2,2,2,Z,1,270.586,664.87,0.145,2,1,0,0,1
2,2,3,/,1,270.683,395.91,1.742,1,2,0,0,1
2,2,1,Z,1,291.284,411.269,0.563,1,1,0,0,1
2,2,4,/,1,483.439,463.182,1.568,2,2,0,0,1
2,2,3,/,1,345.432,411.562,3.251,1,2,0,0,1
2,2,1,Z,1,289.569,353.462,1.38,1,1,0,0,1
2,2,1,Z,1,341.973,427.371,0.163,1,1,0,0,1
2,2,4,/,1,420.15,500.53,5.67,2,2,0,0,1
2,2,2,Z,1,305.215,639.053,1.616,2,1,0,0,1
2,2,1,Z,1,284.116,456.265,3.323,1,1,0,0,1
2,2,4,/,1,326.62,312.026,1.471,2,2,0,0,1
2,2,3,/,1,271.342,376.828,0.852,1,2,0,0,1
2,2,2,Z,1,400.927,381.04,-0.708,2,1,0,0,1
2,2,4,/,1,325.903,363.083,1.335,2,2,0,0,1
2,2,3,/,1,386.11,371.58,-0.774,1,2,0,0,1
2,3,2,Z,1,337.464,531.606,-0.999,2,1,0,0,1
2,3,4,/,1,281.598,386.886,1.819,2,2,0,0,1
2,3,2,Z,1,287.672,386.536,2.633,2,1,0,0,1
2,3,2,Z,1,339.554,533.193,-1.87,2,1,0,0,1
2,3,1,Z,1,283,489.862,2.705,1,1,0,0,1
2,3,3,/,1,275.106,508.81,3.542,1,2,0,0,1
2,3,3,/,1,262.923,457.081,2.438,1,2,0,0,1
2,3,3,/,1,260.795,528.964,1.684,1,2,0,0,1
2,3,2,Z,1,309.846,535.341,-2.433,2,1,0,0,1
2,3,1,Z,1,342.062,446.995,-0.254,1,1,0,0,1
2,3,4,/,1,413.01,415.465,1.084,2,2,0,0,1
2,3,2,Z,1,318.832,422.92,-0.472,2,1,0,0,1
2,3,1,Z,1,331.092,348.179,0.908,1,1,0,0,1
2,3,3,/,1,260.504,421.294,1.471,1,2,0,0,1
2,3,1,Z,1,260.201,421.314,1.598,1,1,0,0,1
2,3,4,/,1,395.948,349.393,7.838,2,2,0,0,1
2,3,1,Z,1,263.246,310.189,2.669,1,1,0,0,1
2,3,1,Z,1,439.799,607.818,1.38,1,1,0,0,1
2,3,1,Z,1,331.889,437.28,1.217,1,1,0,0,1
2,3,3,/,1,517.654,502.981,3.29,1,2,0,0,1
2,3,3,/,1,286.64,423.618,1.045,1,2,0,0,1
2,3,3,/,1,252.786,370.109,1.49,1,2,0,0,1
2,3,2,Z,1,325.321,490.616,0.254,2,1,0,0,1
2,3,2,Z,1,424.88,464.935,-5.138,2,1,0,0,1
2,3,4,/,1,339.153,502.854,1.916,2,2,0,0,1
2,3,2,Z,1,273.18,305.331,0.69,2,1,0,0,1
2,3,2,Z,1,380.01,518.427,40.98,2,1,0,0,1
2,3,4,/,1,419.114,322.121,1.219,2,2,0,0,1
2,3,4,/,1,495.659,394.276,16.74,2,2,0,0,1
2,3,3,/,1,336.131,307.65,1.51,1,2,0,0,1
2,3,1,Z,1,290.6,340.186,2.506,1,1,0,0,1
2,3,4,/,1,338.883,421.675,1.761,2,2,0,0,1
2,3,4,/,1,315.416,487.149,1.49,2,2,0,0,1
2,3,1,Z,1,296.223,478.289,1.053,1,1,0,0,1
2,3,3,/,1,366.084,434.221,1.645,1,2,0,0,1
2,3,3,/,1,310.22,888.252,0.135,1,2,0,0,1
2,3,1,Z,1,306.213,375.873,1.906,1,1,0,0,1
2,4,2,Z,1,408.878,383.343,0.436,2,1,0,0,1
2,4,4,/,1,441.28,411.471,-0.581,2,2,0,0,1
2,4,3,/,1,357.574,447.204,10.315,1,2,0,0,1
2,4,2,Z,1,446.589,365.674,0.799,2,1,0,0,1
2,4,1,Z,1,391.627,341.154,-1.089,1,1,0,0,1
2,4,2,Z,1,457.317,392.923,-3.922,2,1,0,0,1
2,4,4,/,1,403.818,358.525,1.858,2,2,0,0,1
2,4,1,Z,1,582.755,502.789,-23.277,1,1,0,0,1
2,4,3,/,1,270.555,402.828,1.877,1,2,0,0,1
2,4,1,Z,1,446.952,487.075,3.05,1,1,0,0,1
2,4,2,Z,1,432.336,384.156,-7.208,2,1,0,0,1
2,4,3,/,1,276.682,410.418,1.413,1,2,0,0,1
2,4,2,Z,1,371.285,381.582,-2.687,2,1,0,0,1
2,4,3,/,1,348.583,545.16,1.297,1,2,0,0,1
2,4,3,/,1,261.591,450.635,1.606,1,2,0,0,1
2,4,3,/,1,311.13,516.581,-0.019,1,2,0,0,1
2,4,4,/,1,400.56,422.583,-0.058,2,2,0,0,1
2,4,1,Z,1,308.022,442.331,0.236,1,1,0,0,1
2,4,4,/,1,293.613,404.008,0.097,2,2,0,0,1
2,4,1,Z,1,302.57,412.605,1.67,1,1,0,0,1
2,4,2,Z,1,408.744,348.817,-1.017,2,1,0,0,1
2,4,2,Z,1,439.844,344.637,-2.469,2,1,0,0,1
2,4,4,/,1,308.068,421.838,1.897,2,2,0,0,1
2,4,1,Z,1,552.572,350.695,-1.144,1,1,0,0,1
2,4,3,/,1,323.74,513.512,1.026,1,2,0,0,1
2,4,1,Z,1,540.874,323.252,3.559,1,1,0,0,1
2,4,4,/,1,360.943,423.491,2.264,2,2,0,0,1
2,4,3,/,1,347.553,506.631,3.193,1,2,0,0,1
2,4,4,/,1,396.034,385.053,1.393,2,2,0,0,1
2,4,2,Z,1,316.001,301.345,1.325,2,1,0,0,1
2,4,2,Z,1,362.801,404.186,1.253,2,1,0,0,1
2,4,1,Z,1,309.558,471.805,0.999,1,1,0,0,1
2,4,4,/,1,354.091,427.213,2.322,2,2,0,0,1
2,4,3,/,1,351.78,466.069,1.49,1,2,0,0,1
2,4,1,Z,1,293.961,346.96,1.18,1,1,0,0,1
2,4,3,/,1,275.32,436.073,1.432,1,2,0,0,1
2,4,2,Z,1,337.422,392.265,1.834,2,1,0,0,1
2,4,1,Z,1,364.261,359.752,0.817,1,1,0,0,1
2,5,3,/,1,332.675,432.533,-0.387,1,2,0,0,1
2,5,3,/,1,281.319,381.585,1.335,1,2,0,0,1
2,5,1,Z,1,289.896,461.858,1.144,1,1,0,0,1
2,5,1,Z,1,305.879,353.791,1.561,1,1,0,0,1
2,5,3,/,1,273.727,398.362,2.032,1,2,0,0,1
2,5,2,Z,1,302.872,433.932,2.088,2,1,0,0,1
2,5,1,Z,1,290.945,405.309,2.07,1,1,0,0,1
2,5,1,Z,1,292.411,408.27,0.236,1,1,0,0,1
2,5,1,Z,1,287.124,616.333,2.397,1,1,0,0,1
2,5,3,/,1,302.345,646.239,3.832,1,2,0,0,1
2,5,1,Z,1,405.118,446.84,1.162,1,1,0,0,1
2,5,2,Z,1,405.375,446.163,-5.011,2,1,0,0,1
2,5,4,/,1,365.63,334.685,2.613,2,2,0,0,1
2,5,2,Z,1,380.699,352.998,0.672,2,1,0,0,1
2,5,2,Z,1,392.317,389.13,-2.596,2,1,0,0,1
2,5,4,/,1,303.893,413.632,1.316,2,2,0,0,1
2,5,4,/,1,334.031,394.294,1.413,2,2,0,0,1
2,5,2,Z,1,319.2,533.096,-0.472,2,1,0,0,1
2,5,1,Z,1,542.487,623.32,-12.782,1,1,0,0,1
2,5,2,Z,1,396.142,480.882,-5.665,2,1,0,0,1
2,5,2,Z,1,379.844,502.751,1.434,2,1,0,0,1
2,5,3,/,1,392.027,409.147,1.568,1,2,0,0,1
2,5,3,/,1,339.878,530.398,1.819,1,2,0,0,1
2,5,1,Z,1,344.634,441.073,0.799,1,1,0,0,1
2,5,3,/,1,241.042,415.774,2.032,1,2,0,0,1
2,5,3,/,1,402.9,357.472,2.303,1,2,0,0,1
2,5,3,/,1,258.363,493.431,1.548,1,2,0,0,1
2,5,2,Z,1,337.523,392.013,3.704,2,1,0,0,1
2,5,2,Z,1,340.167,387.175,-0.145,2,1,0,0,1
2,5,4,/,1,344.083,406.024,0.89,2,2,0,0,1
2,5,2,Z,1,429.779,374.267,-7.59,2,1,0,0,1
2,5,4,/,1,317.094,484.189,0.735,2,2,0,0,1
2,5,4,/,1,370.163,354.821,1.78,2,2,0,0,1
2,5,4,/,1,332.214,322.175,2.477,2,2,0,0,1
2,5,4,/,1,292.793,392.097,2.961,2,2,0,0,1
2,5,1,Z,1,298.36,369.699,-2.542,1,1,0,0,1
2,5,3,/,1,330.539,487.439,2.303,1,2,0,0,1
2,5,1,Z,1,301.349,291.088,2.143,1,1,0,0,1
2,5,4,/,1,364.192,308.431,1.471,2,2,0,0,1
2,6,1,Z,1,455.079,287.217,2.179,1,1,0,0,1
2,6,2,Z,1,352.329,299.642,-1.434,2,1,0,0,1
2,6,2,Z,1,316.38,541.34,-6.155,2,1,0,0,1
2,6,4,/,1,335.031,487.82,4.935,2,2,0,0,1
2,6,1,Z,1,483.125,410.844,1.235,1,1,0,0,1
2,6,1,Z,1,292.461,473.431,0.49,1,1,0,0,1
2,6,2,Z,1,310.387,583.123,51.91,2,1,0,0,1
2,6,1,Z,1,333.011,464.374,-2.251,1,1,0,0,1
2,6,3,/,1,319.423,316.184,2.168,1,2,0,0,1
2,6,2,Z,1,368.676,412.489,0.654,2,1,0,0,1
2,6,3,/,1,319.622,402.302,0.968,1,2,0,0,1
2,6,3,/,1,254.531,605.949,2.535,1,2,0,0,1
2,6,3,/,1,340.258,412.361,1.277,1,2,0,0,1
2,6,2,Z,1,385.259,414.308,-0.508,2,1,0,0,1
2,6,4,/,1,331.119,424.054,0.716,2,2,0,0,1
2,6,3,/,1,335.039,355.838,1.413,1,2,0,0,1
2,6,4,/,1,357.084,381.966,1.142,2,2,0,0,1
2,6,4,/,1,352.544,405.334,1.393,2,2,0,0,1
2,6,1,Z,1,541.373,396.542,3.232,1,1,0,0,1
2,6,1,Z,1,345.296,343.341,0.908,1,1,0,0,1
2,6,3,/,1,304.103,360.486,1.684,1,2,0,0,1
2,6,4,/,1,349.671,320.832,1.219,2,2,0,0,1
2,6,1,Z,1,329.213,377.073,1.108,1,1,0,0,1
2,6,1,Z,1,326.663,244.776,1.453,1,1,0,0,1
2,6,4,/,1,352.086,313.569,3.135,2,2,0,0,1
2,6,3,/,1,307.92,327.277,0.832,1,2,0,0,1
2,6,3,/,1,286.077,496.754,-0.368,1,2,0,0,1
2,6,2,Z,1,345.334,456.962,1.598,2,1,0,0,1
2,6,3,/,1,299.649,382.856,1.451,1,2,0,0,1
2,6,1,Z,1,335.982,485.062,1.906,1,1,0,0,1
2,6,4,/,1,337.348,346.233,1.451,2,2,0,0,1
2,6,3,/,1,347.295,370.218,2.226,1,2,0,0,1
2,6,2,Z,1,362.507,358.552,1.834,2,1,0,0,1
2,6,4,/,1,307.707,351.172,1.664,2,2,0,0,1
2,6,1,Z,1,422.631,422.959,-0.036,1,1,0,0,1
2,6,2,Z,1,346.025,341.192,1.071,2,1,0,0,1
2,6,2,Z,1,347.073,423.229,1.943,2,1,0,0,1
2,6,2,Z,1,335.671,480.05,1.071,2,1,0,0,1
2,6,4,/,1,325.028,587.556,8.438,2,2,0,0,1
2,7,1,Z,1,315.346,397.355,2.451,1,1,0,0,1
2,7,2,Z,1,347.267,348.934,1.198,2,1,0,0,1
2,7,2,Z,1,302.571,367.338,0.327,2,1,0,0,1
2,7,1,Z,1,302.507,475.502,-1.58,1,1,0,0,1
2,7,1,Z,1,322.003,460.232,1.689,1,1,0,0,1
2,7,1,Z,1,365.578,518.833,2.56,1,1,0,0,1
2,7,1,Z,1,311.19,428.532,0.672,1,1,0,0,1
2,7,1,Z,1,246.066,349.321,2.451,1,1,0,0,1
2,7,2,Z,1,404.071,527.793,-0.454,2,1,0,0,1
2,7,3,/,1,325.479,439.995,4.761,1,2,0,0,1
2,7,4,/,1,361.257,353.46,16.876,2,2,0,0,1
2,7,3,/,1,267.457,367.604,2.555,1,2,0,0,1
2,7,4,/,1,325.172,402.774,1.819,2,2,0,0,1
2,7,3,/,1,265.772,311.88,-0.89,1,2,0,0,1
2,7,2,Z,1,362.207,344.637,-4.902,2,1,0,0,1
2,7,3,/,1,333.114,467.249,2.187,1,2,0,0,1
2,7,3,/,1,302.157,339.606,1.664,1,2,0,0,1
2,7,2,Z,1,343.64,544.398,7.935,2,1,0,0,1
2,7,1,Z,1,315.551,412.353,0.944,1,1,0,0,1
2,7,4,/,1,282.501,346.197,1.916,2,2,0,0,1
2,7,4,/,1,394.59,373.596,1.606,2,2,0,0,1
2,7,3,/,1,275.403,441.03,2.206,1,2,0,0,1
2,7,1,Z,1,299.619,424.816,0.381,1,1,0,0,1
2,7,1,Z,1,287.444,366.274,1.18,1,1,0,0,1
2,7,4,/,1,296.42,397.98,2.342,2,2,0,0,1
2,7,1,Z,1,295.349,429.403,-0.381,1,1,0,0,1
2,7,4,/,1,299.78,522.754,1.316,2,2,0,0,1
2,7,2,Z,1,345.718,477.573,-0.345,2,1,0,0,1
2,7,3,/,1,374.515,419.623,1.935,1,2,0,0,1
2,7,4,/,1,355.684,449.564,1.045,2,2,0,0,1
2,7,2,Z,1,413.152,446.105,0.309,2,1,0,0,1
2,7,4,/,1,331.291,508.065,1.935,2,2,0,0,1
2,7,2,Z,1,516.376,585.504,1.108,2,1,0,0,1
2,7,3,/,1,423.952,424.344,1.703,1,2,0,0,1
2,7,4,/,1,347.332,486.15,-3.832,2,2,0,0,1
2,7,3,/,1,265.54,403.01,1.819,1,2,0,0,1
2,7,4,/,1,301.82,423.164,2.38,2,2,0,0,1
2,7,2,Z,1,326.153,524.949,-2.615,2,1,0,0,1
2,7,2,Z,1,616.016,335.812,3.995,2,1,0,0,1
2,7,3,/,1,520.091,506.032,3.6,1,2,0,0,1
2,8,1,Z,1,532.379,352.494,27.145,1,1,0,0,1
2,8,2,Z,1,328.885,300.493,1.325,2,1,0,0,1
2,8,2,Z,1,335.282,359.074,-0.182,2,1,0,0,1
2,8,1,Z,1,307.138,446.821,0.635,1,1,0,0,1
2,8,3,/,1,263.798,399.106,1.084,1,2,0,0,1
2,8,3,/,1,259.507,453.123,1.026,1,2,0,0,1
2,8,2,Z,1,271.635,413.785,1.162,2,1,0,0,1
2,8,1,Z,1,284.568,401.477,-1.598,1,1,0,0,1
2,8,4,/,1,321.147,300.133,1.2,2,2,0,0,1
2,8,3,/,1,283.545,329.692,1.181,1,2,0,0,1
2,8,1,Z,1,372.302,434.706,0.908,1,1,0,0,1
2,8,1,Z,1,317.754,452.394,1.235,1,1,0,0,1
2,8,4,/,1,406.044,428.466,1.761,2,2,0,0,1
2,8,3,/,1,306.407,414.249,2.109,1,2,0,0,1
2,8,2,Z,1,336.492,341.986,1.925,2,1,0,0,1
2,8,1,Z,1,279.092,530.367,1.217,1,1,0,0,1
2,8,1,Z,1,253.701,550.165,1.489,1,1,0,0,1
2,8,2,Z,1,257.581,563.248,1.87,2,1,0,0,1
2,8,3,/,1,429.135,403.101,1.916,1,2,0,0,1
2,8,2,Z,1,314.704,513.627,1.325,2,1,0,0,1
2,8,3,/,1,297.679,349.265,0.929,1,2,0,0,1
2,8,4,/,1,338.6,387.431,1.161,2,2,0,0,1
2,8,4,/,1,340.32,432.733,2.419,2,2,0,0,1
2,8,2,Z,1,302.55,369.699,-2.161,2,1,0,0,1
2,8,4,/,1,321.067,436.073,0.735,2,2,0,0,1
2,8,4,/,1,357.451,334.377,1.219,2,2,0,0,1
2,8,1,Z,1,306.74,436.757,2.814,1,1,0,0,1
2,8,1,Z,1,350.025,441.344,-0.635,1,1,0,0,1
2,8,3,/,1,276.043,407.222,2.129,1,2,0,0,1
2,8,2,Z,1,348.779,414.792,-2.015,2,1,0,0,1
2,8,4,/,1,388.438,361.884,1.51,2,2,0,0,1
2,8,4,/,1,362.967,494.448,1.529,2,2,0,0,1
2,8,3,/,1,339.803,505.85,2.206,1,2,0,0,1
2,8,3,/,1,294.12,442.12,2.168,1,2,0,0,1
2,8,4,/,1,357.375,469.3,2.903,2,2,0,0,1
2,8,1,Z,1,335.288,371.344,1.634,1,1,0,0,1
2,8,3,/,1,344.164,440.159,2.458,1,2,0,0,1
2,8,2,Z,1,320.079,443.898,-0.436,2,1,0,0,1
2,9,2,Z,1,416.692,339.218,1.235,2,1,0,0,1
2,9,4,/,1,380.828,457.117,2.477,2,2,0,0,1
2,9,4,/,1,310.758,415.32,1.471,2,2,0,0,1
2,9,4,/,1,329.1,485.841,1.703,2,2,0,0,1
2,9,2,Z,1,349.002,545.617,-1.38,2,1,0,0,1
2,9,4,/,1,381.668,467.848,1.451,2,2,0,0,1
2,9,2,Z,1,396.833,410.128,1.453,2,1,0,0,1
2,9,1,Z,1,376.931,578.711,0.654,1,1,0,0,1
2,9,3,/,1,313.828,545.777,0.716,1,2,0,0,1
2,9,2,Z,1,365.726,401.38,1.471,2,1,0,0,1
2,9,2,Z,1,324.028,476.837,0.908,2,1,0,0,1
2,9,3,/,1,334.242,678.74,-0.077,1,2,0,0,1
2,9,2,Z,1,401.654,430.719,1.943,2,1,0,0,1
2,9,4,/,1,379.802,451.87,1.49,2,2,0,0,1
2,9,4,/,1,308.252,425.651,1.451,2,2,0,0,1
2,9,3,/,1,294.706,402.937,2.671,1,2,0,0,1
2,9,3,/,1,343.074,472.405,2.574,1,2,0,0,1
2,9,1,Z,1,323.508,361.145,0.054,1,1,0,0,1
2,9,3,/,1,297.701,426.94,2.574,1,2,0,0,1
2,9,3,/,1,313.866,444.662,0.503,1,2,0,0,1
2,9,4,/,1,386.938,458.897,0.852,2,2,0,0,1
2,9,1,Z,1,336.311,489.088,0.999,1,1,0,0,1
2,9,1,Z,1,338.091,444.44,1.144,1,1,0,0,1
2,9,1,Z,1,321.931,422.649,-2.506,1,1,0,0,1
2,9,4,/,1,342.195,576.226,1.703,2,2,0,0,1
2,9,2,Z,1,344.055,629.609,-12.728,2,1,0,0,1
2,9,4,/,1,418.283,502.691,1.277,2,2,0,0,1
2,9,2,Z,1,342.985,367.299,1.561,2,1,0,0,1
2,9,2,Z,1,332.993,513.356,2.233,2,1,0,0,1
2,9,1,Z,1,279.827,506.679,0.708,1,1,0,0,1
2,9,3,/,1,447.901,532.995,1.393,1,2,0,0,1
2,9,3,/,1,324.571,467.358,1.587,1,2,0,0,1
2,9,1,Z,1,365.295,477.263,0.926,1,1,0,0,1
2,9,1,Z,1,311.903,548.675,1.108,1,1,0,0,1
2,9,1,Z,1,427.546,442.757,0.145,1,1,0,0,1
2,9,2,Z,1,390.023,545.463,0.418,2,1,0,0,1
2,9,3,/,1,307.961,510.408,1.897,1,2,0,0,1
2,9,4,/,1,369.637,483.572,0.774,2,2,0,0,1
2,9,3,/,1,307.743,530.852,2.438,1,2,0,0,1
2,10,4,/,1,344.65,453.05,2.013,2,2,0,0,1
2,10,3,/,1,258.195,445.333,0.194,1,2,0,0,1
2,10,1,Z,1,469.944,642.789,15.96,1,1,0,0,1
2,10,2,Z,1,319.322,635.86,-3.995,2,1,0,0,1
2,10,3,/,1,313.959,503.98,1.645,1,2,0,0,1
2,10,2,Z,1,341.942,518.891,1.979,2,1,0,0,1
2,10,1,Z,1,332.65,603.657,1.434,1,1,0,0,1
2,10,3,/,1,261.632,460.821,2.477,1,2,0,0,1
2,10,4,/,1,384.734,391.408,2.187,2,2,0,0,1
2,10,1,Z,1,300.39,404.457,-0.654,1,1,0,0,1
2,10,2,Z,1,292.546,366.758,-0.381,2,1,0,0,1
2,10,3,/,1,306.113,596.199,1.51,1,2,0,0,1
2,10,3,/,1,265.222,573.884,1.374,1,2,0,0,1
2,10,4,/,1,364.052,403.464,1.471,2,2,0,0,1
2,10,1,Z,1,282.157,587.555,4.576,1,1,0,0,1
2,10,2,Z,1,315.039,498.28,-0.054,2,1,0,0,1
2,10,2,Z,1,318.429,615.985,-2.923,2,1,0,0,1
2,10,4,/,1,317.207,504.525,1.606,2,2,0,0,1
2,10,4,/,1,305.305,578.296,2.284,2,2,0,0,1
2,10,1,Z,1,344.231,517.769,3.831,1,1,0,0,1
2,10,3,/,1,296.467,551.315,2.148,1,2,0,0,1
2,10,4,/,1,320.524,497.807,3.445,2,2,0,0,1
2,10,3,/,1,300.373,605.786,1.626,1,2,0,0,1
2,10,2,Z,1,357.944,327.819,-0.291,2,1,0,0,1
2,10,1,Z,1,313.593,674.102,0.091,1,1,0,0,1
2,10,4,/,1,306.116,468.338,-0.077,2,2,0,0,1
2,10,3,/,1,267.132,507.43,0.484,1,2,0,0,1
2,10,1,Z,1,482.176,554.694,-0.799,1,1,0,0,1
2,10,4,/,1,324.137,448.402,1.722,2,2,0,0,1
2,10,4,/,1,321.254,508.864,3.484,2,2,0,0,1
2,10,2,Z,1,317.388,440.492,0.109,2,1,0,0,1
2,10,1,Z,1,284.579,420.307,2.27,1,1,0,0,1
2,10,2,Z,1,300.646,286.636,2.251,2,1,0,0,1
2,10,3,/,1,324.536,481.683,2.516,1,2,0,0,1
2,10,4,/,1,351.51,446.967,1.626,2,2,0,0,1
2,10,2,Z,1,380.816,331.864,1.961,2,1,0,0,1
2,10,1,Z,1,290.157,506.699,0.635,1,1,0,0,1
2,10,1,Z,1,248.46,474.844,0.908,1,1,0,0,1
2,10,3,/,1,282.808,463.781,1.258,1,2,0,0,1
2,11,4,/,1,340.143,788.68,-5.941,2,2,0,0,1
2,11,2,Z,1,324.005,483.901,-0.853,2,1,0,0,1
2,11,2,Z,1,343.489,402.696,2.306,2,1,0,0,1
2,11,2,Z,1,342.373,357.739,-1.089,2,1,0,0,1
2,11,4,/,1,394.444,323.374,1.393,2,2,0,0,1
2,11,2,Z,1,362.275,330.722,-0.672,2,1,0,0,1
2,11,1,Z,1,302.69,468.012,1.289,1,1,0,0,1
2,11,3,/,1,302.835,513.912,2.148,1,2,0,0,1
2,11,4,/,1,339.31,432.406,3,2,2,0,0,1
2,11,3,/,1,278.05,449.727,1.49,1,2,0,0,1
2,11,4,/,1,347.459,494.956,1.239,2,2,0,0,1
2,11,3,/,1,254.782,470.608,1.548,1,2,0,0,1
2,11,1,Z,1,271.723,469.793,0.853,1,1,0,0,1
2,11,4,/,1,366.943,408.62,2.613,2,2,0,0,1
2,11,2,Z,1,321.704,463.851,-0.109,2,1,0,0,1
2,11,3,/,1,620.661,430.154,-0.929,1,2,0,0,1
2,11,2,Z,1,317.431,701.834,-0.091,2,1,0,0,1
2,11,1,Z,1,304.628,365.055,-1.67,1,1,0,0,1
2,11,2,Z,1,352.251,375.737,-0.272,2,1,0,0,1
2,11,1,Z,1,297.401,493.655,2.088,1,1,0,0,1
2,11,2,Z,1,284.573,424.855,0.454,2,1,0,0,1
2,11,4,/,1,299.858,466.559,1.645,2,2,0,0,1
2,11,4,/,1,305.436,526.313,1.374,2,2,0,0,1
2,11,3,/,1,273.373,399.197,1.451,1,2,0,0,1
2,11,2,Z,1,325.603,358.378,1.126,2,1,0,0,1
2,11,4,/,1,330.23,338.662,49.718,2,2,0,0,1
2,11,1,Z,1,493.145,430.913,0.744,1,1,0,0,1
2,11,1,Z,1,290.18,416.572,0.418,1,1,0,0,1
2,11,1,Z,1,278.608,439.234,0.599,1,1,0,0,1
2,11,4,/,1,310.158,481.411,2.922,2,2,0,0,1
2,11,3,/,1,306.302,376.01,0.426,1,2,0,0,1
2,11,3,/,1,289.694,509.391,1.645,1,2,0,0,1
2,11,3,/,1,271.316,511.243,2.013,1,2,0,0,1
2,11,3,/,1,254.783,596.616,-3.155,1,2,0,0,1
2,11,1,Z,1,311.945,512.853,2.76,1,1,0,0,1
2,11,1,Z,1,266.893,509.253,1.38,1,1,0,0,1
2,11,2,Z,1,283.74,514.962,0.236,2,1,0,0,1
2,11,4,/,1,295.752,469.754,1.316,2,2,0,0,1
2,11,3,/,1,300.854,550.389,3.213,1,2,0,0,1
2,11,1,Z,1,308.86,322.343,-0.309,1,1,0,0,1
2,12,1,Z,1,293.854,513.434,1.652,1,1,0,0,1
2,12,4,/,1,344.571,489.981,-0.852,2,2,0,0,1
2,12,1,Z,1,338.948,555.836,2.143,1,1,0,0,1
2,12,1,Z,1,315.871,525.394,0.908,1,1,0,0,1
2,12,2,Z,1,394.357,492.281,-0.163,2,1,0,0,1
2,12,2,Z,1,344.506,646.117,2.034,2,1,0,0,1
2,12,3,/,1,299.21,643.298,0.639,1,2,0,0,1
2,12,2,Z,1,353.761,532.651,0.617,2,1,0,0,1
2,12,4,/,1,351.92,430.118,2.361,2,2,0,0,1
2,12,4,/,1,325.901,462.056,3.561,2,2,0,0,1
2,12,4,/,1,381.329,528.455,-0.503,2,2,0,0,1
2,12,2,Z,1,337.316,552.159,-0.599,2,1,0,0,1
2,12,4,/,1,309.395,667.809,0.6,2,2,0,0,1
2,12,2,Z,1,338.026,579.911,-1.58,2,1,0,0,1
2,12,2,Z,1,313.985,528.974,1.071,2,1,0,0,1
2,12,3,/,1,382.27,539.804,0.852,1,2,0,0,1
2,12,2,Z,1,443.99,440.57,-0.2,2,1,0,0,1
2,12,3,/,1,393.193,467.212,1.471,1,2,0,0,1
2,12,3,/,1,308.067,430.118,2.129,1,2,0,0,1
2,12,3,/,1,282.485,493.34,1.451,1,2,0,0,1
2,12,2,Z,1,350.602,434.086,1.743,2,1,0,0,1
2,12,1,Z,1,307.316,502.654,0.617,1,1,0,0,1
2,12,3,/,1,397.489,370.454,-0.581,1,2,0,0,1
2,12,4,/,1,420.71,419.605,-0.677,2,2,0,0,1
2,12,3,/,1,287.594,590.098,2.787,1,2,0,0,1
2,12,1,Z,1,304.118,503.738,1.017,1,1,0,0,1
2,12,4,/,1,342.166,474.493,1.297,2,2,0,0,1
2,12,3,/,1,288.407,626.902,1.006,1,2,0,0,1
2,12,3,/,1,374.13,589.335,-1.684,1,2,0,0,1
2,12,1,Z,1,313.878,742.476,-1.253,1,1,0,0,1
2,12,1,Z,1,364.771,523.516,-1.598,1,1,0,0,1
2,12,2,Z,1,365.268,436.06,0.563,2,1,0,0,1
2,12,4,/,1,356.937,541.256,2.322,2,2,0,0,1
2,12,2,Z,1,338.89,398.671,-9.768,2,1,0,0,1
2,12,1,Z,1,349.288,481.385,-2.179,1,1,0,0,1
2,12,4,/,1,325.401,421.039,2.38,2,2,0,0,1
2,12,1,Z,1,398.266,629.958,0.236,1,1,0,0,1
3,2,3,/,1,489.386,567.225,-1.408,1,2,0,0,1
3,2,3,/,1,628.678,567.505,1.896,1,2,0,0,1
3,2,1,Z,1,311.234,567.997,1.566,1,1,0,0,1
3,2,4,/,1,816.937,516.673,1.681,2,2,0,0,1
3,2,4,/,1,562.901,484.6,2.502,2,2,0,0,1
3,2,3,/,1,684.875,430.411,1.408,1,2,0,0,1
3,2,2,Z,1,618.023,538.048,-2.499,2,1,0,0,1
3,2,2,Z,1,779.592,604.827,-1.585,2,1,0,0,1
3,2,2,Z,1,876.582,555.407,-0.242,2,1,0,0,1
3,2,4,/,1,807.454,433.936,1.447,2,2,0,0,1
3,2,1,Z,1,748.955,563.207,1.268,1,1,0,0,1
3,2,4,/,1,641.019,470.297,2.405,2,2,0,0,1
3,2,3,/,1,983.599,343.553,1.329,1,2,0,0,1
3,2,1,Z,1,504.926,486.888,0.615,1,1,0,0,1
3,2,2,Z,1,542.815,605.59,-0.727,2,1,0,0,1
3,2,1,Z,1,596.81,485.774,1.492,1,1,0,0,1
3,2,2,Z,1,476.504,560.588,1.119,2,1,0,0,1
3,2,1,Z,1,626.421,439.266,1.51,1,1,0,0,1
3,2,3,/,1,580.839,423.661,-1.017,1,2,0,0,1
3,2,1,Z,1,468.985,522.584,0.578,1,1,0,0,1
3,2,1,Z,1,735.988,428.084,2.499,1,1,0,0,1
3,2,3,/,1,565.434,457.543,0.274,1,2,0,0,1
3,2,2,Z,1,847.476,408.692,-4.326,2,1,0,0,1
3,2,4,/,1,956.25,365.091,0.547,2,2,0,0,1
3,2,1,Z,1,509.984,390.707,0.746,1,1,0,0,1
3,2,2,Z,1,596.222,493.652,1.79,2,1,0,0,1
3,2,3,/,1,543.29,393.602,-1.486,1,2,0,0,1
3,2,3,/,1,807.818,430.169,0,1,2,0,0,1
3,2,3,/,1,490.983,463.622,1.544,1,2,0,0,1
3,2,2,Z,1,506.565,430.899,-0.69,2,1,0,0,1
3,2,4,/,1,730.512,471.174,2.092,2,2,0,0,1
3,2,2,Z,1,520.226,439.736,2.051,2,1,0,0,1
3,2,3,/,1,550.714,324.235,1.838,1,2,0,0,1
3,2,1,Z,1,526.877,400.99,1.305,1,1,0,0,1
3,2,4,/,1,810.931,407.755,0.762,2,2,0,0,1
3,2,2,Z,1,869.927,404.039,-0.765,2,1,0,0,1
3,2,4,/,1,629.163,392.651,1.701,2,2,0,0,1
3,2,1,Z,1,599.417,445.17,1.548,1,1,0,0,1
3,3,2,Z,1,452.832,445.346,-0.317,2,1,0,0,1
3,3,3,/,1,341.496,403.634,0.86,1,2,0,0,1
3,3,4,/,1,838.73,370.629,4.125,2,2,0,0,1
3,3,4,/,1,410.769,377.696,2.111,2,2,0,0,1
3,3,1,Z,1,432.242,429.375,1.939,1,1,0,0,1
3,3,1,Z,1,545.314,468.023,1.1,1,1,0,0,1
3,3,2,Z,1,489.464,328.99,1.287,2,1,0,0,1
3,3,3,/,1,286.055,347.898,2.424,1,2,0,0,1
3,3,3,/,1,481.082,357.949,1.114,1,2,0,0,1
3,3,1,Z,1,254.127,331.199,2.387,1,1,0,0,1
3,3,3,/,1,266.047,268.611,1.583,1,2,0,0,1
3,3,4,/,1,631.577,373.65,3.05,2,2,0,0,1
3,3,1,Z,1,260.481,378.117,1.604,1,1,0,0,1
3,3,1,Z,1,359.618,320.057,2.182,1,1,0,0,1
3,3,2,Z,1,556.18,351.57,-9.286,2,1,0,0,1
3,3,4,/,1,297.84,251.381,0.841,2,2,0,0,1
3,3,2,Z,1,527.866,132.171,0.615,2,1,0,0,1
3,3,3,/,1,445.074,356.42,0.078,1,2,0,0,1
3,3,4,/,1,488.784,350.77,1.31,2,2,0,0,1
3,3,1,Z,1,460.346,348.266,1.287,1,1,0,0,1
3,3,3,/,1,428.031,261.544,4.359,1,2,0,0,1
3,3,1,Z,1,607.439,373.543,-1.529,1,1,0,0,1
3,3,2,Z,1,451.266,289.365,0.466,2,1,0,0,1
3,3,2,Z,1,407.13,268.193,3.394,2,1,0,0,1
3,3,3,/,1,435.028,316.925,0.391,1,2,0,0,1
3,3,2,Z,1,544.001,374.168,2.275,2,1,0,0,1
3,3,2,Z,1,377.727,319.705,0.914,2,1,0,0,1
3,3,2,Z,1,365.173,242.173,1.399,2,1,0,0,1
3,3,1,Z,1,388.268,249.68,2.76,1,1,0,0,1
3,3,4,/,1,425.59,336.467,2.659,2,2,0,0,1
3,3,4,/,1,411.888,268.779,1.251,2,2,0,0,1
3,3,3,/,1,543.099,264.266,0.684,1,2,0,0,1
3,3,3,/,1,292.925,325.522,2.854,1,2,0,0,1
3,3,2,Z,1,452.34,355.362,-3.599,2,1,0,0,1
3,3,4,/,1,489.483,362.928,0.567,2,2,0,0,1
3,3,1,Z,1,687.194,276.892,-3.487,1,1,0,0,1
3,3,3,/,1,334.345,318.268,0.86,1,2,0,0,1
3,3,1,Z,1,290.557,267.352,1.51,1,1,0,0,1
3,4,2,Z,1,728.97,357.376,-10.703,2,1,0,0,1
3,4,1,Z,1,437.904,277.85,1.678,1,1,0,0,1
3,4,3,/,1,264.775,356.122,1.486,1,2,0,0,1
3,4,4,/,1,516.432,322.072,1.075,2,2,0,0,1
3,4,3,/,1,377.298,451.483,2.033,1,2,0,0,1
3,4,1,Z,1,380.284,274.41,2.2,1,1,0,0,1
3,4,2,Z,1,620.019,369.125,1.305,2,1,0,0,1
3,4,3,/,1,522.519,322.426,1.153,1,2,0,0,1
3,4,4,/,1,481.32,366.042,1.896,2,2,0,0,1
3,4,4,/,1,418.544,393.956,1.466,2,2,0,0,1
3,4,1,Z,1,536.42,399.211,2.2,1,1,0,0,1
3,4,2,Z,1,555.196,322.148,0.709,2,1,0,0,1
3,4,3,/,1,411.192,292.33,2.346,1,2,0,0,1
3,4,3,/,1,508.455,377.323,1.896,1,2,0,0,1
3,4,1,Z,1,503.86,308.933,2.051,1,1,0,0,1
3,4,4,/,1,449.916,334.304,2.6,2,2,0,0,1
3,4,1,Z,1,349.242,453.791,2.033,1,1,0,0,1
3,4,4,/,1,429.006,370.759,2.092,2,2,0,0,1
3,4,2,Z,1,408.989,319.138,2.294,2,1,0,0,1
3,4,2,Z,1,388.195,295.483,1.529,2,1,0,0,1
3,4,2,Z,1,380.545,270.578,2.126,2,1,0,0,1
3,4,2,Z,1,379.447,313.293,0.186,2,1,0,0,1
3,4,3,/,1,623.731,344.542,1.583,1,2,0,0,1
3,4,4,/,1,459.672,434.085,1.857,2,2,0,0,1
3,4,3,/,1,442.294,417.452,2.893,1,2,0,0,1
3,4,4,/,1,498.772,397.723,2.111,2,2,0,0,1
3,4,1,Z,1,458.912,419.209,3.002,1,1,0,0,1
3,4,1,Z,1,436.805,446.128,0.541,1,1,0,0,1
3,4,3,/,1,458.391,376.782,2.189,1,2,0,0,1
3,4,2,Z,1,496.144,431.173,1.622,2,1,0,0,1
3,4,4,/,1,758.587,212.558,1.701,2,2,0,0,1
3,4,3,/,1,480.812,412.809,1.114,1,2,0,0,1
3,4,1,Z,1,404.144,382.359,1.641,1,1,0,0,1
3,4,4,/,1,928.2,342.36,0.352,2,2,0,0,1
3,4,1,Z,1,375.194,304.808,1.044,1,1,0,0,1
3,4,1,Z,1,439.962,384.334,2.07,1,1,0,0,1
3,4,2,Z,1,499.19,407.734,1.492,2,1,0,0,1
3,5,4,/,1,382.548,414.338,-0.332,2,2,0,0,1
3,5,1,Z,1,483.119,289.951,1.473,1,1,0,0,1
3,5,4,/,1,431.511,361.231,2.131,2,2,0,0,1
3,5,2,Z,1,461.121,326.117,-0.559,2,1,0,0,1
3,5,2,Z,1,824.945,531.557,-0.093,2,1,0,0,1
3,5,4,/,1,422.204,328.878,1.818,2,2,0,0,1
3,5,2,Z,1,714.385,438.269,-4.624,2,1,0,0,1
3,5,4,/,1,654.72,263.8,2.991,2,2,0,0,1
3,5,3,/,1,548.966,247.763,1.408,1,2,0,0,1
3,5,3,/,1,414.481,272.564,2.229,1,2,0,0,1
3,5,2,Z,1,420.483,407.421,0.485,2,1,0,0,1
3,5,1,Z,1,435.021,340.192,1.995,1,1,0,0,1
3,5,2,Z,1,388.868,319.216,1.641,2,1,0,0,1
3,5,1,Z,1,430.191,442.727,1.156,1,1,0,0,1
3,5,3,/,1,341.06,314.893,2.053,1,2,0,0,1
3,5,2,Z,1,376.559,299.882,-1.716,2,1,0,0,1
3,5,4,/,1,449.015,308.907,1.29,2,2,0,0,1
3,5,3,/,1,641.224,376.335,1.486,1,2,0,0,1
3,5,3,/,1,467.67,379.337,1.056,1,2,0,0,1
3,5,4,/,1,542.901,371.766,1.681,2,2,0,0,1
3,5,1,Z,1,415.27,391.137,1.566,1,1,0,0,1
3,5,4,/,1,603.589,411.615,5.259,2,2,0,0,1
3,5,1,Z,1,256.288,427.576,1.249,1,1,0,0,1
3,5,1,Z,1,320.204,418.818,1.305,1,1,0,0,1
3,5,3,/,1,294.411,415.289,1.408,1,2,0,0,1
3,5,3,/,1,298.445,370.61,1.408,1,2,0,0,1
3,5,2,Z,1,391.564,407.362,1.716,2,1,0,0,1
3,5,4,/,1,357.032,359.012,1.192,2,2,0,0,1
3,5,1,Z,1,555.866,431.505,1.492,1,1,0,0,1
3,5,2,Z,1,433.286,488.08,2.984,2,1,0,0,1
3,5,4,/,1,421.638,425.06,1.349,2,2,0,0,1
3,5,1,Z,1,498.154,425.328,0.82,1,1,0,0,1
3,5,1,Z,1,681.604,432.776,-0.392,1,1,0,0,1
3,5,3,/,1,414.857,388.288,1.662,1,2,0,0,1
3,5,1,Z,1,297.327,426.384,2.107,1,1,0,0,1
3,5,2,Z,1,411.865,354.873,2.405,2,1,0,0,1
3,5,4,/,1,411.23,286.288,1.368,2,2,0,0,1
3,5,3,/,1,284.923,283.323,1.466,1,2,0,0,1
3,6,1,Z,1,407.684,396.845,1.753,1,1,0,0,1
3,6,4,/,1,444.081,363.002,1.31,2,2,0,0,1
3,6,2,Z,1,384.576,399.641,2.424,2,1,0,0,1
3,6,4,/,1,465.835,390.563,2.307,2,2,0,0,1
3,6,4,/,1,401.757,361.268,1.447,2,2,0,0,1
3,6,2,Z,1,545.21,382.496,0.075,2,1,0,0,1
3,6,2,Z,1,431.305,375.126,1.193,2,1,0,0,1
3,6,3,/,1,302.61,411.671,1.31,1,2,0,0,1
3,6,3,/,1,367.555,333.316,3.558,1,2,0,0,1
3,6,3,/,1,461.012,372.4,1.955,1,2,0,0,1
3,6,3,/,1,329.11,293.057,1.779,1,2,0,0,1
3,6,3,/,1,364.43,346.369,1.896,1,2,0,0,1
3,6,2,Z,1,386.392,382.789,1.939,2,1,0,0,1
3,6,1,Z,1,445.9,373.152,2.909,1,1,0,0,1
3,6,1,Z,1,331.822,329.069,1.716,1,1,0,0,1
3,6,3,/,1,263.132,351.385,3.577,1,2,0,0,1
3,6,1,Z,1,373.269,362.185,1.585,1,1,0,0,1
3,6,2,Z,1,455.231,355.499,0.671,2,1,0,0,1
3,6,1,Z,1,355.389,418.251,1.044,1,1,0,0,1
3,6,3,/,1,302.669,396.381,1.623,1,2,0,0,1
3,6,4,/,1,393.872,315.918,1.036,2,2,0,0,1
3,6,4,/,1,470.933,364.252,0.958,2,2,0,0,1
3,6,4,/,1,556.637,402.739,2.561,2,2,0,0,1
3,6,3,/,1,301.557,415.195,-0.313,1,2,0,0,1
3,6,1,Z,1,338.398,379.368,1.343,1,1,0,0,1
3,6,2,Z,1,568.534,395.574,2.946,2,1,0,0,1
3,6,2,Z,1,332.743,365.743,1.883,2,1,0,0,1
3,6,1,Z,1,325.001,390.12,1.548,1,1,0,0,1
3,6,1,Z,1,344.843,316.714,2.424,1,1,0,0,1
3,6,1,Z,1,328.227,316.44,1.343,1,1,0,0,1
3,6,2,Z,1,414.149,313.762,2.331,2,1,0,0,1
3,6,3,/,1,305.12,439.66,1.642,1,2,0,0,1
3,6,2,Z,1,427.362,405.114,1.79,2,1,0,0,1
3,6,4,/,1,378.826,404.641,2.072,2,2,0,0,1
3,6,4,/,1,610.976,388.288,0.684,2,2,0,0,1
3,6,2,Z,1,451.597,388.048,2.499,2,1,0,0,1
3,6,3,/,1,832.65,311.219,2.405,1,2,0,0,1
3,7,2,Z,1,447.254,437.898,0.317,2,1,0,0,1
3,7,2,Z,1,634.028,388.498,2.051,2,1,0,0,1
3,7,3,/,1,378.208,436.845,0.391,1,2,0,0,1
3,7,1,Z,1,441.636,486.614,2.592,1,1,0,0,1
3,7,1,Z,1,353.616,483.154,1.212,1,1,0,0,1
3,7,3,/,1,316.841,340.756,1.603,1,2,0,0,1
3,7,2,Z,1,423.579,391.02,2.685,2,1,0,0,1
3,7,4,/,1,336.841,282.596,3.265,2,2,0,0,1
3,7,4,/,1,284.419,308.833,2.014,2,2,0,0,1
3,7,2,Z,1,272.978,382.262,2.182,2,1,0,0,1
3,7,2,Z,1,360.319,353.564,0.951,2,1,0,0,1
3,7,2,Z,1,410.453,290.616,0.615,2,1,0,0,1
3,7,1,Z,1,516.717,316.479,0.186,1,1,0,0,1
3,7,4,/,1,405.95,346.108,1.681,2,2,0,0,1
3,7,4,/,1,401.415,330.743,1.153,2,2,0,0,1
3,7,3,/,1,544.755,353.772,2.131,1,2,0,0,1
3,7,2,Z,1,379.758,357.376,2.443,2,1,0,0,1
3,7,1,Z,1,706.766,375.341,1.995,1,1,0,0,1
3,7,4,/,1,345.866,357.408,1.955,2,2,0,0,1
3,7,2,Z,1,453.584,369.457,1.473,2,1,0,0,1
3,7,3,/,1,466.456,397.182,2.307,1,2,0,0,1
3,7,1,Z,1,459.557,278.124,0.932,1,1,0,0,1
3,7,1,Z,1,419.273,327.407,1.66,1,1,0,0,1
3,7,4,/,1,424.505,316.086,1.623,2,2,0,0,1
3,7,3,/,1,585.289,324.962,1.192,1,2,0,0,1
3,7,1,Z,1,333.954,389.338,2.07,1,1,0,0,1
3,7,3,/,1,314.924,355.301,1.271,1,2,0,0,1
3,7,1,Z,1,292.311,402.612,1.883,1,1,0,0,1
3,7,2,Z,1,614.699,400.95,2.387,2,1,0,0,1
3,7,3,/,1,538.381,314.632,0.411,1,2,0,0,1
3,7,3,/,1,473.187,340.383,1.642,1,2,0,0,1
3,7,3,/,1,303.662,368.13,1.759,1,2,0,0,1
3,7,1,Z,1,310.96,405.72,1.66,1,1,0,0,1
3,7,4,/,1,400.361,341.651,3.03,2,2,0,0,1
3,7,4,/,1,395.925,386.572,1.349,2,2,0,0,1
3,7,2,Z,1,305.283,383.376,0.932,2,1,0,0,1
3,7,4,/,1,337.439,464.237,1.29,2,2,0,0,1
3,8,2,Z,1,327.143,369.261,1.585,2,1,0,0,1
3,8,4,/,1,356.466,430.299,2.522,2,2,0,0,1
3,8,1,Z,1,350.899,311.768,1.454,1,1,0,0,1
3,8,2,Z,1,355.1,303.538,2.182,2,1,0,0,1
3,8,1,Z,1,466.696,366.74,2.517,1,1,0,0,1
3,8,1,Z,1,447.562,404.508,2.424,1,1,0,0,1
3,8,4,/,1,409.272,455.119,1.29,2,2,0,0,1
3,8,1,Z,1,296.158,473.81,2.517,1,1,0,0,1
3,8,2,Z,1,372.103,319.9,1.716,2,1,0,0,1
3,8,1,Z,1,292.115,374.598,0.746,1,1,0,0,1
3,8,4,/,1,284.489,403.317,1.192,2,2,0,0,1
3,8,4,/,1,235.058,322.986,2.698,2,2,0,0,1
3,8,3,/,1,339.698,330.556,2.326,1,2,0,0,1
3,8,4,/,1,457.445,369.342,1.388,2,2,0,0,1
3,8,4,/,1,401.989,314.967,2.385,2,2,0,0,1
3,8,2,Z,1,291.801,363.201,0.242,2,1,0,0,1
3,8,3,/,1,367.815,383.458,3.499,1,2,0,0,1
3,8,3,/,1,505.396,234.002,1.31,1,2,0,0,1
3,8,2,Z,1,402.065,348.442,1.454,2,1,0,0,1
3,8,2,Z,1,431.176,396.024,2.909,2,1,0,0,1
3,8,1,Z,1,547.155,292.59,0.653,1,1,0,0,1
3,8,4,/,1,321.143,358.266,1.525,2,2,0,0,1
3,8,2,Z,1,410.623,248.683,0.895,2,1,0,0,1
3,8,3,/,1,650.117,311.518,1.114,1,2,0,0,1
3,8,4,/,1,415.824,335.778,2.248,2,2,0,0,1
3,8,1,Z,1,512.89,396.102,1.51,1,1,0,0,1
3,8,4,/,1,624.412,318.771,0.86,2,2,0,0,1
3,8,1,Z,1,371.043,349.556,0.559,1,1,0,0,1
3,8,3,/,1,628.207,307.285,0.176,1,2,0,0,1
3,8,1,Z,1,566.085,403.14,0.97,1,1,0,0,1
3,8,3,/,1,497.168,378.517,2.737,1,2,0,0,1
3,8,2,Z,1,552.607,348.52,2.256,2,1,0,0,1
3,8,4,/,1,400.798,385.882,2.365,2,2,0,0,1
3,8,3,/,1,786.615,327.181,3.03,1,2,0,0,1
3,9,3,/,1,330.438,357.539,1.955,1,2,0,0,1
3,9,1,Z,1,350.68,442.238,1.361,1,1,0,0,1
3,9,3,/,1,629.632,416.706,0.489,1,2,0,0,1
3,9,2,Z,1,525.24,464.465,2.984,2,1,0,0,1
3,9,2,Z,1,354.778,357.337,1.529,2,1,0,0,1
3,9,4,/,1,402.173,471.454,1.603,2,2,0,0,1
3,9,2,Z,1,841.039,354.561,1.79,2,1,0,0,1
3,9,3,/,1,294.692,438.43,1.994,1,2,0,0,1
3,9,3,/,1,399.496,384.484,1.192,1,2,0,0,1
3,9,3,/,1,389.471,622.42,2.561,1,2,0,0,1
3,9,4,/,1,382.085,373.445,2.522,2,2,0,0,1
3,9,4,/,1,291.921,400.949,2.17,2,2,0,0,1
3,9,1,Z,1,386.82,383.161,2.07,1,1,0,0,1
3,9,4,/,1,333.985,460.508,2.815,2,2,0,0,1
3,9,1,Z,1,519.518,418.329,1.026,1,1,0,0,1
3,9,4,/,1,351.984,463.379,1.447,2,2,0,0,1
3,9,3,/,1,812.464,405.033,7.096,1,2,0,0,1
3,9,4,/,1,933.363,401.62,1.114,2,2,0,0,1
3,9,1,Z,1,422.712,388.283,1.604,1,1,0,0,1
3,9,1,Z,1,710.519,401.126,2.144,1,1,0,0,1
3,9,2,Z,1,557.013,413.247,1.38,2,1,0,0,1
3,9,1,Z,1,674.69,456.822,1.007,1,1,0,0,1
3,9,4,/,1,389.732,441.73,1.701,2,2,0,0,1
3,9,3,/,1,765.611,403.504,0.489,1,2,0,0,1
3,9,4,/,1,326.468,338.966,1.681,2,2,0,0,1
3,9,4,/,1,624.548,420.603,2.385,2,2,0,0,1
3,9,4,/,1,367.17,469.328,2.014,2,2,0,0,1
3,9,3,/,1,470.574,466.531,2.678,1,2,0,0,1
3,9,1,Z,1,286.7,432.151,3.151,1,1,0,0,1
3,9,1,Z,1,464.712,364.003,1.622,1,1,0,0,1
3,9,1,Z,1,461.413,398.038,2.014,1,1,0,0,1
3,9,2,Z,1,399.179,345.724,2.238,2,1,0,0,1
3,9,3,/,1,275.636,417.377,2.17,1,2,0,0,1
3,9,1,Z,1,247.416,400.286,2.685,1,1,0,0,1
3,9,2,Z,1,358.624,362.028,3.282,2,1,0,0,1
3,9,2,Z,1,380.621,377.218,0.597,2,1,0,0,1
3,9,2,Z,1,373.224,571.848,0.765,2,1,0,0,1
3,9,2,Z,1,301.171,444.936,0.541,2,1,0,0,1
3,9,3,/,1,235.549,370.219,1.544,1,2,0,0,1
3,10,4,/,1,471.654,319.014,1.623,2,2,0,0,1
3,10,2,Z,1,444.538,365.645,3.263,2,1,0,0,1
3,10,1,Z,1,836.394,389.162,1.827,1,1,0,0,1
3,10,1,Z,1,767.94,386.425,1.417,1,1,0,0,1
3,10,3,/,1,443.04,407.476,1.408,1,2,0,0,1
3,10,1,Z,1,555.091,322.422,2.256,1,1,0,0,1
3,10,1,Z,1,615.304,398.233,1.548,1,1,0,0,1
3,10,3,/,1,452.399,414.692,1.603,1,2,0,0,1
3,10,4,/,1,288.258,566.479,1.192,2,2,0,0,1
3,10,4,/,1,295.897,445.702,1.974,2,2,0,0,1
3,10,2,Z,1,341.055,356.535,1.958,2,1,0,0,1
3,10,2,Z,1,424.493,436.139,1.492,2,1,0,0,1
3,10,1,Z,1,461.012,399.543,2.35,1,1,0,0,1
3,10,3,/,1,247.434,411.634,1.583,1,2,0,0,1
3,10,3,/,1,276.98,467.668,2.991,1,2,0,0,1
3,10,3,/,1,470.779,342.024,1.017,1,2,0,0,1
3,10,2,Z,1,367.667,499.047,2.685,2,1,0,0,1
3,10,3,/,1,294.574,383.794,0.841,1,2,0,0,1
3,10,3,/,1,301.494,372.606,1.368,1,2,0,0,1
3,10,1,Z,1,328.646,377.257,1.063,1,1,0,0,1
3,10,3,/,1,276.499,369.734,1.349,1,2,0,0,1
3,10,1,Z,1,435.639,313.351,1.66,1,1,0,0,1
3,10,1,Z,1,413.71,432.307,0.951,1,1,0,0,1
3,10,4,/,1,460.182,312.376,1.662,2,2,0,0,1
3,10,3,/,1,331.035,326.435,0.43,1,2,0,0,1
3,10,4,/,1,387.65,359.217,26.821,2,2,0,0,1
3,10,4,/,1,363.23,278.68,2.014,2,2,0,0,1
3,10,4,/,1,308.034,347.115,2.326,2,2,0,0,1
3,10,2,Z,1,323.12,287.077,1.268,2,1,0,0,1
3,10,2,Z,1,442.154,369.574,-0.634,2,1,0,0,1
3,10,2,Z,1,651.233,317.222,0.429,2,1,0,0,1
3,10,2,Z,1,387.085,271.458,1.678,2,1,0,0,1
3,10,3,/,1,373.857,344.001,1.564,1,2,0,0,1
3,10,4,/,1,429.854,435.073,3.069,2,2,0,0,1
3,10,4,/,1,363.889,482.959,1.642,2,2,0,0,1
3,10,2,Z,1,457.907,451.406,1.977,2,1,0,0,1
3,10,2,Z,1,394.653,320.389,1.156,2,1,0,0,1
3,10,1,Z,1,566.487,247.96,1.958,1,1,0,0,1
3,11,2,Z,1,378.59,337.221,2.778,2,1,0,0,1
3,11,2,Z,1,432.46,417.743,2.35,2,1,0,0,1
3,11,1,Z,1,537.434,423.217,2.573,1,1,0,0,1
3,11,2,Z,1,403.171,407.597,1.063,2,1,0,0,1
3,11,4,/,1,335.162,430.132,2.424,2,2,0,0,1
3,11,4,/,1,295.31,430.262,1.896,2,2,0,0,1
3,11,1,Z,1,512.315,434.418,0.559,1,1,0,0,1
3,11,1,Z,1,429.117,409.044,4.606,1,1,0,0,1
3,11,3,/,1,367.708,482.064,0.958,1,2,0,0,1
3,11,4,/,1,377.718,468.563,2.424,2,2,0,0,1
3,11,3,/,1,326.331,345.288,0.762,1,2,0,0,1
3,11,1,Z,1,383.948,406.248,1.399,1,1,0,0,1
3,11,4,/,1,366.477,364.102,7.194,2,2,0,0,1
3,11,3,/,1,365.319,433.246,2.189,1,2,0,0,1
3,11,1,Z,1,342.381,381.225,2.368,1,1,0,0,1
3,11,2,Z,1,615.408,303.459,1.324,2,1,0,0,1
3,11,1,Z,1,545.169,348.989,1.902,1,1,0,0,1
3,11,3,/,1,251.574,339.917,2.502,1,2,0,0,1
3,11,2,Z,1,408.441,329.655,2.368,2,1,0,0,1
3,11,3,/,1,344.406,428.92,2.698,1,2,0,0,1
3,11,2,Z,1,382.021,370.102,3.58,2,1,0,0,1
3,11,2,Z,1,804.162,341.502,1.641,2,1,0,0,1
3,11,4,/,1,415.443,505.317,0.86,2,2,0,0,1
3,11,1,Z,1,544.232,422.982,1.678,1,1,0,0,1
3,11,2,Z,1,424.964,341.932,1.604,2,1,0,0,1
3,11,1,Z,1,592.987,357.278,1.343,1,1,0,0,1
3,11,4,/,1,373.327,352.672,2.737,2,2,0,0,1
3,11,2,Z,1,394.266,518.01,2.144,2,1,0,0,1
3,11,1,Z,1,673.122,317.457,2.536,1,1,0,0,1
3,11,2,Z,1,397.064,272.025,2.611,2,1,0,0,1
3,11,4,/,1,407.523,359.534,0.704,2,2,0,0,1
3,11,3,/,1,286.203,327.275,3.812,1,2,0,0,1
3,11,3,/,1,319.528,248.976,1.662,1,2,0,0,1
3,11,3,/,1,310.808,282.857,1.72,1,2,0,0,1
3,12,1,Z,1,492.976,275.543,2.461,1,1,0,0,1
3,12,3,/,1,242.038,278.643,1.134,1,2,0,0,1
3,12,2,Z,1,412.921,301.172,1.454,2,1,0,0,1
3,12,4,/,1,799.627,336.673,-6.256,2,2,0,0,1
3,12,4,/,1,797.752,297.383,3.793,2,2,0,0,1
3,12,1,Z,1,290.601,336.185,1.268,1,1,0,0,1
3,12,2,Z,1,526.456,553.042,1.641,2,1,0,0,1
3,12,2,Z,1,429.93,370.982,2.76,2,1,0,0,1
3,12,2,Z,1,917.236,396.474,1.977,2,1,0,0,1
3,12,4,/,1,481.661,424.165,1.153,2,2,0,0,1
3,12,3,/,1,829.278,286.251,1.29,1,2,0,0,1
3,12,2,Z,1,431.019,397.256,1.678,2,1,0,0,1
3,12,4,/,1,991.729,365.538,1.408,2,2,0,0,1
3,12,3,/,1,677.601,441.786,2.15,1,2,0,0,1
3,12,1,Z,1,508.056,303.166,1.734,1,1,0,0,1
3,12,1,Z,1,582.384,287.879,2.014,1,1,0,0,1
3,12,1,Z,1,646.807,352.801,1.212,1,1,0,0,1
3,12,3,/,1,277.489,410.44,2.365,1,2,0,0,1
3,12,2,Z,1,403.96,199.811,2.2,2,1,0,0,1
3,12,1,Z,1,495.477,309.461,1.604,1,1,0,0,1
3,12,1,Z,1,473.335,374.833,1.231,1,1,0,0,1
3,12,2,Z,1,376.169,280.822,1.697,2,1,0,0,1
3,12,4,/,1,360.862,397.164,2.444,2,2,0,0,1
3,12,4,/,1,316.18,409.042,1.896,2,2,0,0,1
3,12,3,/,1,375.734,393.285,2.131,1,2,0,0,1
3,12,4,/,1,454.333,398.376,2.346,2,2,0,0,1
3,12,3,/,1,367.937,425.6,2.444,1,2,0,0,1
3,12,3,/,1,326.795,457.599,1.642,1,2,0,0,1
3,12,4,/,1,772.91,411.186,1.192,2,2,0,0,1
3,12,2,Z,1,463.245,310.575,1.827,2,1,0,0,1
3,12,2,Z,1,426.458,340.603,1.454,2,1,0,0,1
3,12,4,/,1,664.899,363.263,1.896,2,2,0,0,1
3,12,3,/,1,749.568,354.443,2.639,1,2,0,0,1
3,12,3,/,1,359.305,367.683,1.114,1,2,0,0,1
3,12,4,/,1,389.229,288.377,1.701,2,2,0,0,1
3,12,2,Z,1,334.569,247.491,2.033,2,1,0,0,1
4,2,4,/,1,462.313,1944.464,4.691,2,2,0,0,1
4,2,1,Z,1,421.2,1577.827,-0.758,1,1,0,0,1
4,2,2,Z,1,499.253,1824.389,6.455,2,1,0,0,1
4,2,3,/,1,526.987,1308.152,2.5,1,2,0,0,1
4,2,3,/,1,540.665,1452.388,3.95,1,2,0,0,1
4,2,3,/,1,411.005,1509.066,3.95,1,2,0,0,1
4,2,4,/,1,474.603,1526.475,7.808,2,2,0,0,1
4,2,1,Z,1,422.146,1598.258,5.453,1,1,0,0,1
4,2,1,Z,1,356.432,1755.812,7.286,1,1,0,0,1
4,2,2,Z,1,544.363,1492.708,2.274,2,1,0,0,1
4,2,3,/,1,453.704,1843.579,5.185,1,2,0,0,1
4,2,4,/,1,489.937,2018.477,3.858,2,2,0,0,1
4,2,4,/,1,433.973,1849.179,2.901,2,2,0,0,1
4,2,2,Z,1,420.075,1739.548,-3.276,2,1,0,0,1
4,2,2,Z,1,398.92,2155.979,3.717,2,1,0,0,1
4,2,2,Z,1,417.394,2156.719,-5.453,2,1,0,0,1
4,2,3,/,1,375.858,2076.793,-2.068,1,2,0,0,1
4,2,1,Z,1,338.234,1878.121,7.971,1,1,0,0,1
4,2,2,Z,1,402.118,2052.959,12.201,2,1,0,0,1
4,2,1,Z,1,348.139,1680.446,8.705,1,1,0,0,1
4,2,2,Z,1,387.75,1778.281,5.306,2,1,0,0,1
4,2,4,/,1,500.669,1952.362,1.296,2,2,0,0,1
4,2,4,/,1,464.92,1981.458,-5.833,2,2,0,0,1
4,2,3,/,1,272.636,1855.414,6.419,1,2,0,0,1
4,2,3,/,1,309.889,1776.559,5.895,1,2,0,0,1
4,2,4,/,1,447.311,1573.518,6.481,2,2,0,0,1
4,2,3,/,1,426.666,2054.469,6.975,1,2,0,0,1
4,2,1,Z,1,387.29,1915.126,5.819,1,1,0,0,1
4,2,1,Z,1,339.243,1801.366,9.096,1,1,0,0,1
4,2,1,Z,1,437.619,1979.166,-0.978,1,1,0,0,1
4,2,3,/,1,378.532,1768.882,0.957,1,2,0,0,1
4,2,2,Z,1,532.882,1986.419,3.961,2,1,0,0,1
4,2,1,Z,1,404.032,1646.743,16.162,1,1,0,0,1
4,2,2,Z,1,645.6,1774.423,7.751,2,1,0,0,1
4,2,1,Z,1,335.657,1520.422,2.127,1,1,0,0,1
4,2,4,/,1,426.807,1857.59,-4.66,2,2,0,0,1
4,2,3,/,1,312.259,1994.784,3.055,1,2,0,0,1
4,2,4,/,1,467.71,1875.586,-0.957,2,2,0,0,1
4,2,2,Z,1,585.344,2016.819,29.268,2,1,0,0,1
4,2,4,/,1,407.146,2087.331,-6.975,2,2,0,0,1
4,3,3,/,1,460.095,2151.32,-0.185,1,2,0,0,1
4,3,4,/,1,402.464,1594.84,2.315,2,2,0,0,1
4,3,3,/,1,291.799,1889.767,3.611,1,2,0,0,1
4,3,1,Z,1,481.185,2235.574,41.64,1,1,0,0,1
4,3,4,/,1,326.257,1596.747,21.172,2,2,0,0,1
4,3,1,Z,1,440.119,2419.423,2.91,1,1,0,0,1
4,3,1,Z,1,651.655,2119.684,11.59,1,1,0,0,1
4,3,2,Z,1,487.774,2065.181,3.154,2,1,0,0,1
4,3,1,Z,1,444.018,2201.069,6.602,1,1,0,0,1
4,3,2,Z,1,373.152,2252.487,5.697,2,1,0,0,1
4,3,2,Z,1,370.944,2132.894,6.357,2,1,0,0,1
4,3,2,Z,1,348.287,2345.415,5.55,2,1,0,0,1
4,3,4,/,1,460.597,1969.404,6.944,2,2,0,0,1
4,3,2,Z,1,355.605,2151.504,8.191,2,1,0,0,1
4,3,3,/,1,381.251,1701.372,0.37,1,2,0,0,1
4,3,1,Z,1,298.524,2249.277,3.203,1,1,0,0,1
4,3,4,/,1,392.316,2088.407,0.556,2,2,0,0,1
4,3,4,/,1,467.988,1591.563,5.771,2,2,0,0,1
4,3,2,Z,1,371.572,2216.408,6.748,2,1,0,0,1
4,3,2,Z,1,366.224,2092.494,1.614,2,1,0,0,1
4,3,3,/,1,496.332,2072.587,0.772,1,2,0,0,1
4,3,4,/,1,400.976,2050.361,2.407,2,2,0,0,1
4,3,4,/,1,363.9,2180,5.833,2,2,0,0,1
4,3,4,/,1,355.245,1958.499,4.568,2,2,0,0,1
4,3,3,/,1,423.513,1968.084,4.66,1,2,0,0,1
4,3,1,Z,1,487.505,2190.576,2.176,1,1,0,0,1
4,3,1,Z,1,358.448,2198.446,0.342,1,1,0,0,1
4,3,3,/,1,369.348,2108.384,4.352,1,2,0,0,1
4,3,3,/,1,488.101,1628.973,13.178,1,2,0,0,1
4,3,4,/,1,418.137,2074.079,-7.623,2,2,0,0,1
4,3,3,/,1,322.219,2126.477,0.586,1,2,0,0,1
4,3,3,/,1,305.259,2039.921,3.95,1,2,0,0,1
4,3,1,Z,1,336.429,2037.651,7.262,1,1,0,0,1
4,3,1,Z,1,357.322,2202.983,8.313,1,1,0,0,1
4,3,3,/,1,442.159,1911.847,2.407,1,2,0,0,1
4,3,2,Z,1,412.426,2058.483,2.641,2,1,0,0,1
4,3,1,Z,1,416.463,2123.11,7.237,1,1,0,0,1
4,3,2,Z,1,521.043,1964.784,5.501,2,1,0,0,1
4,3,4,/,1,355.391,1758.783,-0.339,2,2,0,0,1
4,3,2,Z,1,357.943,1797.261,5.55,2,1,0,0,1
4,4,4,/,1,401.634,1911.113,3.981,2,2,0,0,1
4,4,1,Z,1,358.445,2059.101,5.722,1,1,0,0,1
4,4,3,/,1,386.076,1860.402,7.438,1,2,0,0,1
4,4,4,/,1,478.592,2030.385,0.463,2,2,0,0,1
4,4,4,/,1,341.342,1975.761,1.481,2,2,0,0,1
4,4,2,Z,1,376.528,1850.438,-0.245,2,1,0,0,1
4,4,4,/,1,310.805,1951.335,3.21,2,2,0,0,1
4,4,3,/,1,340.415,2151.393,5.061,1,2,0,0,1
4,4,3,/,1,313.039,1925.637,7.469,1,2,0,0,1
4,4,3,/,1,416.9,1986.52,7.531,1,2,0,0,1
4,4,1,Z,1,346.743,2032.559,13.888,1,1,0,0,1
4,4,1,Z,1,356.698,2110.456,9.707,1,1,0,0,1
4,4,1,Z,1,316.528,1990.462,-1.663,1,1,0,0,1
4,4,1,Z,1,329.395,1986.573,10.465,1,1,0,0,1
4,4,2,Z,1,364.628,2016.85,2.567,2,1,0,0,1
4,4,1,Z,1,424.903,1912.441,8.313,1,1,0,0,1
4,4,2,Z,1,522.27,1796.86,5.379,2,1,0,0,1
4,4,3,/,1,484.987,1942.41,11.172,1,2,0,0,1
4,4,1,Z,1,397.496,1869.202,4.475,1,1,0,0,1
4,4,4,/,1,360.492,1989.919,3.457,2,2,0,0,1
4,4,1,Z,1,342.052,1698.655,3.203,1,1,0,0,1
4,4,2,Z,1,442.738,1841.734,2.91,2,1,0,0,1
4,4,4,/,1,390.226,1673.498,-1.111,2,2,0,0,1
4,4,2,Z,1,394.981,1670.292,6.064,2,1,0,0,1
4,4,4,/,1,432.2,957.378,3.117,2,2,0,0,1
4,4,4,/,1,404.943,1870.353,5.987,2,2,0,0,1
4,4,2,Z,1,407.979,2199.958,3.986,2,1,0,0,1
4,4,1,Z,1,522.182,2579.478,0.758,1,1,0,0,1
4,4,3,/,1,333.525,2318.393,6.666,1,2,0,0,1
4,4,4,/,1,506.899,2270.665,1.142,2,2,0,0,1
4,4,1,Z,1,659.922,2247.518,3.399,1,1,0,0,1
4,4,4,/,1,459.028,2226.726,1.204,2,2,0,0,1
4,4,3,/,1,393.097,2284.626,1.451,1,2,0,0,1
4,4,3,/,1,395.64,2310.177,5.031,1,2,0,0,1
4,4,2,Z,1,655.272,2519.388,0.954,2,1,0,0,1
4,4,2,Z,1,535.734,2566.453,4.67,2,1,0,0,1
4,5,4,/,1,400.999,1859.228,4.413,2,2,0,0,1
4,5,4,/,1,342.268,2151.588,3.549,2,2,0,0,1
4,5,1,Z,1,530.216,1812.384,2.494,1,1,0,0,1
4,5,4,/,1,400.825,2178.46,-2.654,2,2,0,0,1
4,5,1,Z,1,525.208,2187.212,11.614,1,1,0,0,1
4,5,1,Z,1,429.991,2415.442,1.002,1,1,0,0,1
4,5,1,Z,1,416.987,2214.803,8.631,1,1,0,0,1
4,5,2,Z,1,484.457,2161.442,5.501,2,1,0,0,1
4,5,3,/,1,525.916,2055.276,8.734,1,2,0,0,1
4,5,1,Z,1,455.697,2283.473,6.626,1,1,0,0,1
4,5,3,/,1,431.272,2115.499,0.741,1,2,0,0,1
4,5,2,Z,1,570.107,2135.085,4.206,2,1,0,0,1
4,5,3,/,1,420.235,2054.86,5.648,1,2,0,0,1
4,5,3,/,1,468.188,2181.101,2.932,1,2,0,0,1
4,5,4,/,1,537.87,2205.552,2.963,2,2,0,0,1
4,5,3,/,1,388.124,2137.333,3.21,1,2,0,0,1
4,5,4,/,1,498.252,1956.69,1.265,2,2,0,0,1
4,5,1,Z,1,445.917,2061.107,2.225,1,1,0,0,1
4,5,3,/,1,516.099,2086.549,5.432,1,2,0,0,1
4,5,4,/,1,466.749,2285.14,8.086,2,2,0,0,1
4,5,1,Z,1,397.151,2170.67,7.115,1,1,0,0,1
4,5,2,Z,1,426.485,2287.022,5.086,2,1,0,0,1
4,5,4,/,1,351.932,1995.738,3.302,2,2,0,0,1
4,5,4,/,1,450.271,2031.901,8.179,2,2,0,0,1
4,5,2,Z,1,420.848,1968.148,-8.436,2,1,0,0,1
4,5,4,/,1,389.71,2079.776,4.321,2,2,0,0,1
4,5,2,Z,1,450.418,2187.088,4.475,2,1,0,0,1
4,5,1,Z,1,403.669,1527.737,16.187,1,1,0,0,1
4,5,2,Z,1,419.913,1992.53,1.858,2,1,0,0,1
4,5,2,Z,1,357.047,2170.114,6.162,2,1,0,0,1
4,5,2,Z,1,519.582,2087.772,3.814,2,1,0,0,1
4,5,4,/,1,396.728,2044.86,-0.185,2,2,0,0,1
4,5,2,Z,1,460.697,2135.239,6.504,2,1,0,0,1
4,5,3,/,1,646.682,2139.583,3.025,1,2,0,0,1
4,5,3,/,1,511.722,2080.46,2.562,1,2,0,0,1
4,5,1,Z,1,322.288,1988.548,8.289,1,1,0,0,1
4,5,3,/,1,552.398,1692.937,3.487,1,2,0,0,1
4,5,1,Z,1,341.871,1969.506,2.127,1,1,0,0,1
4,5,3,/,1,361.777,2106.012,5.247,1,2,0,0,1
4,5,2,Z,1,559.091,2492.475,14.671,2,1,0,0,1
4,6,2,Z,1,480.613,1649.552,4.132,2,1,0,0,1
4,6,4,/,1,486.47,2264.992,10.154,2,2,0,0,1
4,6,1,Z,1,387.551,2507.382,16.04,1,1,0,0,1
4,6,2,Z,1,376.741,2188.693,8.802,2,1,0,0,1
4,6,3,/,1,441.928,2208.437,5.555,1,2,0,0,1
4,6,2,Z,1,359.208,1947.81,13.179,2,1,0,0,1
4,6,4,/,1,336.58,2253.011,2.469,2,2,0,0,1
4,6,3,/,1,392.617,2090.094,0.494,1,2,0,0,1
4,6,1,Z,1,494.857,1799.02,4.206,1,1,0,0,1
4,6,3,/,1,415.6,2051.682,3.673,1,2,0,0,1
4,6,4,/,1,448.091,1985.371,3.611,2,2,0,0,1
4,6,4,/,1,461.377,2041.046,5.031,2,2,0,0,1
4,6,4,/,1,538.534,2127.578,9.537,2,2,0,0,1
4,6,2,Z,1,513.185,1650.046,10.71,2,1,0,0,1
4,6,2,Z,1,770.393,2034.472,32.96,2,1,0,0,1
4,6,1,Z,1,487.258,2101.845,16.04,1,1,0,0,1
4,6,1,Z,1,738.659,2207.612,39.146,1,1,0,0,1
4,6,2,Z,1,531.15,1787.724,19.292,2,1,0,0,1
4,6,3,/,1,494.327,1885.635,12.129,1,2,0,0,1
4,6,3,/,1,509.544,1843.922,7.5,1,2,0,0,1
4,6,3,/,1,498.416,1972.632,3.457,1,2,0,0,1
4,6,4,/,1,399.161,2048.845,1.79,2,2,0,0,1
4,6,1,Z,1,455.578,1889.726,15.306,1,1,0,0,1
4,6,1,Z,1,369.712,2027.713,15.795,1,1,0,0,1
4,6,3,/,1,318.87,1987.009,30.06,1,2,0,0,1
4,6,2,Z,1,488.778,2243.876,15.966,2,1,0,0,1
4,6,2,Z,1,428.82,2287.053,2.323,2,1,0,0,1
4,6,1,Z,1,602.848,2202.89,8.998,1,1,0,0,1
4,6,4,/,1,386.373,1972.974,3.395,2,2,0,0,1
4,6,4,/,1,453.482,1973.732,10.432,2,2,0,0,1
4,6,1,Z,1,350.878,2110.765,3.961,1,1,0,0,1
4,6,4,/,1,404.184,2236.213,3.642,2,2,0,0,1
4,6,2,Z,1,488.579,2198.785,19.39,2,1,0,0,1
4,6,3,/,1,382.291,1981.336,5.926,1,2,0,0,1
4,6,1,Z,1,402.605,2099.562,6.284,1,1,0,0,1
4,6,3,/,1,322.261,1929.133,8.487,1,2,0,0,1
4,6,1,Z,1,430.846,2060.243,18.314,1,1,0,0,1
4,6,2,Z,1,570.387,2048.792,16.92,2,1,0,0,1
4,6,4,/,1,365.265,2019.186,2.963,2,2,0,0,1
4,7,1,Z,1,485.348,2407.819,3.423,1,1,0,0,1
4,7,2,Z,1,607.129,2258.659,3.545,2,1,0,0,1
4,7,3,/,1,469.019,2129.998,3.487,1,2,0,0,1
4,7,1,Z,1,703.734,2202.335,4.157,1,1,0,0,1
4,7,3,/,1,369.358,1994.1,3.179,1,2,0,0,1
4,7,2,Z,1,441.795,2288.689,8.509,2,1,0,0,1
4,7,4,/,1,371.305,2061.854,2.562,2,2,0,0,1
4,7,1,Z,1,468.988,2059.317,4.157,1,1,0,0,1
4,7,3,/,1,408.89,2148.532,0.556,1,2,0,0,1
4,7,1,Z,1,309.854,2245.851,10.269,1,1,0,0,1
4,7,2,Z,1,584.565,1804.699,12.299,2,1,0,0,1
4,7,2,Z,1,484.589,2327.483,4.475,2,1,0,0,1
4,7,3,/,1,439.389,2083.835,2.932,1,2,0,0,1
4,7,1,Z,1,371.39,2122.03,3.105,1,1,0,0,1
4,7,2,Z,1,482.244,2363.222,82.693,2,1,0,0,1
4,7,3,/,1,380.642,1899.548,7.592,1,2,0,0,1
4,7,3,/,1,478.794,2278.587,6.481,1,2,0,0,1
4,7,4,/,1,410.789,2113.005,2.932,2,2,0,0,1
4,7,3,/,1,440.045,2052.855,3.055,1,2,0,0,1
4,7,1,Z,1,409.187,1954.568,4.597,1,1,0,0,1
4,7,4,/,1,462.3,1917.128,6.203,2,2,0,0,1
4,7,3,/,1,494.699,2014.247,-2.037,1,2,0,0,1
4,7,3,/,1,407.863,1991.899,6.049,1,2,0,0,1
4,7,4,/,1,430.98,2170.562,3.271,2,2,0,0,1
4,7,4,/,1,415.14,2069.091,3.487,2,2,0,0,1
4,7,1,Z,1,599.182,2244.215,10.71,1,1,0,0,1
4,7,2,Z,1,436.423,2311.867,6.333,2,1,0,0,1
4,7,4,/,1,358.003,2127.578,8.703,2,2,0,0,1
4,7,2,Z,1,451.175,2258.196,7.017,2,1,0,0,1
4,7,1,Z,1,386.73,2222.426,4.034,1,1,0,0,1
4,7,1,Z,1,341.166,2471.643,4.01,1,1,0,0,1
4,7,2,Z,1,373.974,2440.996,3.839,2,1,0,0,1
4,7,2,Z,1,365.473,2367.821,4.083,2,1,0,0,1
4,7,3,/,1,393.763,2123.323,4.938,1,2,0,0,1
4,7,4,/,1,467.337,2019.284,2.376,2,2,0,0,1
4,7,4,/,1,326.871,2128.531,4.444,2,2,0,0,1
4,7,1,Z,1,353.592,2184.681,6.528,1,1,0,0,1
4,7,2,Z,1,415.355,2307.052,7.237,2,1,0,0,1
4,7,4,/,1,370.581,2058.186,3.642,2,2,0,0,1
4,7,4,/,1,450.926,1977.986,2.839,2,2,0,0,1
4,8,3,/,1,410.217,2118.335,7.068,1,2,0,0,1
4,8,1,Z,1,303.527,2491.21,3.668,1,1,0,0,1
4,8,4,/,1,344.895,2147.921,3.518,2,2,0,0,1
4,8,4,/,1,640.889,2245.382,-6.389,2,2,0,0,1
4,8,2,Z,1,330.903,1979.413,5.061,2,1,0,0,1
4,8,3,/,1,327.076,1921.798,1.512,1,2,0,0,1
4,8,4,/,1,303.078,2155.623,3.117,2,2,0,0,1
4,8,4,/,1,300.459,2244.918,6.852,2,2,0,0,1
4,8,3,/,1,423.203,2234.844,3.055,1,2,0,0,1
4,8,4,/,1,435.65,2053.051,3.179,2,2,0,0,1
4,8,3,/,1,575.897,1961.36,48.516,1,2,0,0,1
4,8,1,Z,1,350.511,1853.184,7.775,1,1,0,0,1
4,8,1,Z,1,374.158,2154.775,7.604,1,1,0,0,1
4,8,1,Z,1,420.465,1286.359,10.465,1,1,0,0,1
4,8,2,Z,1,425.748,2226.685,0.416,2,1,0,0,1
4,8,2,Z,1,352.098,2372.203,4.646,2,1,0,0,1
4,8,1,Z,1,387.231,2467.291,3.081,1,1,0,0,1
4,8,1,Z,1,384.542,2261.344,3.888,1,1,0,0,1
4,8,2,Z,1,423.952,2223.476,11.712,2,1,0,0,1
4,8,2,Z,1,352.054,2584.94,12.983,2,1,0,0,1
4,8,4,/,1,421.938,2203.473,8.858,2,2,0,0,1
4,8,3,/,1,509.795,2263.623,-1.173,1,2,0,0,1
4,8,1,Z,1,349.502,2562.503,-1.809,1,1,0,0,1
4,8,2,Z,1,404.931,2419.886,7.506,2,1,0,0,1
4,8,3,/,1,427.082,2025.715,1.636,1,2,0,0,1
4,8,2,Z,1,472.983,2377.295,3.276,2,1,0,0,1
4,8,1,Z,1,399.148,2338.532,14.817,1,1,0,0,1
4,8,2,Z,1,444.934,2286.806,22.642,2,1,0,0,1
4,8,4,/,1,382.8,2373.652,4.228,2,2,0,0,1
4,8,4,/,1,419.643,2074.397,7.16,2,2,0,0,1
4,8,3,/,1,487.154,2224.452,-2.778,1,2,0,0,1
4,8,1,Z,1,423.531,2392.85,4.964,1,1,0,0,1
4,8,3,/,1,372.581,2243.328,3.704,1,2,0,0,1
4,8,4,/,1,304.185,2196.627,3.858,2,2,0,0,1
4,8,1,Z,1,433.842,2182.212,0.22,1,1,0,0,1
4,8,4,/,1,383.611,2115.572,4.043,2,2,0,0,1
4,8,3,/,1,307.131,2216.628,4.383,1,2,0,0,1
4,8,2,Z,1,504.248,2225.204,30.539,2,1,0,0,1
4,8,3,/,1,392.503,2088.92,2.778,1,2,0,0,1
4,9,3,/,1,256.459,2181.345,8.24,1,2,0,0,1
4,9,1,Z,1,371.679,2378.406,31.615,1,1,0,0,1
4,9,4,/,1,356.112,2117.528,13.364,2,2,0,0,1
4,9,1,Z,1,358.893,2079.192,2.91,1,1,0,0,1
4,9,3,/,1,387.03,1914.952,3.58,1,2,0,0,1
4,9,2,Z,1,471.687,1781.799,-1.174,2,1,0,0,1
4,9,2,Z,1,475.224,2021.973,1.1,2,1,0,0,1
4,9,2,Z,1,369.557,2268.35,6.724,2,1,0,0,1
4,9,3,/,1,385.634,2058.895,3.642,1,2,0,0,1
4,9,1,Z,1,354.424,2513.801,13.448,1,1,0,0,1
4,9,4,/,1,284.602,1994.931,5.216,2,2,0,0,1
4,9,2,Z,1,397.883,1977.222,21.468,2,1,0,0,1
4,9,4,/,1,307.889,1946.322,10.123,2,2,0,0,1
4,9,2,Z,1,413.873,1300.926,2.567,2,1,0,0,1
4,9,2,Z,1,456.8,2528.369,19.439,2,1,0,0,1
4,9,4,/,1,349.459,1923.754,1.42,2,2,0,0,1
4,9,4,/,1,344.744,2007.792,3.765,2,2,0,0,1
4,9,1,Z,1,413.541,1854.635,2.323,1,1,0,0,1
4,9,4,/,1,428.657,2023.563,11.574,2,2,0,0,1
4,9,3,/,1,751.323,2087.527,13.796,1,2,0,0,1
4,9,1,Z,1,657.125,1817.97,9.756,1,1,0,0,1
4,9,3,/,1,477.789,1299.056,2.099,1,2,0,0,1
4,9,3,/,1,520.307,2109.117,0.957,1,2,0,0,1
4,9,4,/,1,381.445,2061.144,1.944,2,2,0,0,1
4,9,4,/,1,347.883,2174.67,9.166,2,2,0,0,1
4,9,1,Z,1,375.506,1991.912,3.57,1,1,0,0,1
4,9,3,/,1,288.015,1976.642,2.901,1,2,0,0,1
4,9,3,/,1,217.601,1977.229,8.333,1,2,0,0,1
4,9,2,Z,1,599.446,2051.447,21.761,2,1,0,0,1
4,9,2,Z,1,467.929,2229.988,27.018,2,1,0,0,1
4,9,1,Z,1,556.293,2017.899,19.512,1,1,0,0,1
4,9,2,Z,1,449.429,2030.398,16.896,2,1,0,0,1
4,9,3,/,1,581.157,2207.728,6.111,1,2,0,0,1
4,9,1,Z,1,386.001,2166.657,3.863,1,1,0,0,1
4,9,2,Z,1,413.017,2460.841,48.609,2,1,0,0,1
4,9,4,/,1,364.645,2281.081,-6.265,2,2,0,0,1
4,9,3,/,1,448.184,2090.828,4.197,1,2,0,0,1
4,9,1,Z,1,428.42,1899.664,24.793,1,1,0,0,1
4,9,1,Z,1,366.998,2580.249,34.085,1,1,0,0,1
4,10,2,Z,1,418.824,1981.851,14.133,2,1,0,0,1
4,10,2,Z,1,530.184,1926.113,-4.083,2,1,0,0,1
4,10,1,Z,1,404,2127.307,7.775,1,1,0,0,1
4,10,3,/,1,539.578,1721.3,1.265,1,2,0,0,1
4,10,3,/,1,252.299,1952.24,1.944,1,2,0,0,1
4,10,3,/,1,274.431,2109.924,6.358,1,2,0,0,1
4,10,4,/,1,375.676,2051.584,9.074,2,2,0,0,1
4,10,4,/,1,402.014,2074.519,3.889,2,2,0,0,1
4,10,2,Z,1,456.64,1687.853,25.356,2,1,0,0,1
4,10,2,Z,1,404.272,1811.334,11.296,2,1,0,0,1
4,10,4,/,1,333.266,1976.324,2.778,2,2,0,0,1
4,10,2,Z,1,332.326,2499.358,16.382,2,1,0,0,1
4,10,2,Z,1,356.327,1810.841,15.209,2,1,0,0,1
4,10,1,Z,1,362.34,1966.852,2.078,1,1,0,0,1
4,10,4,/,1,343.766,2077.062,6.358,2,2,0,0,1
4,10,1,Z,1,482.177,1972.222,73.011,1,1,0,0,1
4,10,3,/,1,329.43,2015.812,3.117,1,2,0,0,1
4,10,4,/,1,382.001,1972.363,9.259,2,2,0,0,1
4,10,1,Z,1,508.975,1938.551,9.047,1,1,0,0,1
4,10,3,/,1,381.329,2069.042,0.432,1,2,0,0,1
4,10,3,/,1,413.921,1692.912,7.654,1,2,0,0,1
4,10,2,Z,1,589.364,1930.989,8.436,2,1,0,0,1
4,10,4,/,1,358.304,1944.195,5.864,2,2,0,0,1
4,10,2,Z,1,445.915,1695.815,-0.049,2,1,0,0,1
4,10,4,/,1,317.163,1668.07,3.148,2,2,0,0,1
4,10,4,/,1,393.529,1895.538,3.765,2,2,0,0,1
4,10,1,Z,1,318.824,1853.154,10.563,1,1,0,0,1
4,10,2,Z,1,628.299,1997.066,17.8,2,1,0,0,1
4,10,1,Z,1,373.083,1550.575,10.783,1,1,0,0,1
4,10,3,/,1,447.921,1660.417,20.369,1,2,0,0,1
4,10,1,Z,1,393.93,1511.503,5.648,1,1,0,0,1
4,10,3,/,1,320.908,1406.298,9.197,1,2,0,0,1
4,10,1,Z,1,298.079,1122.663,4.792,1,1,0,0,1
4,10,3,/,1,233.153,1839.496,1.605,1,2,0,0,1
4,10,4,/,1,393.37,2450.746,4.012,2,2,0,0,1
4,10,4,/,1,319.042,2318.1,1.049,2,2,0,0,1
4,11,3,/,1,317.551,2257.486,2.809,1,2,0,0,1
4,11,1,Z,1,643.857,1863.894,5.648,1,1,0,0,1
4,11,2,Z,1,508.052,1813.557,3.521,2,1,0,0,1
4,11,2,Z,1,388.483,2205.359,11.834,2,1,0,0,1
4,11,1,Z,1,321.42,2110.147,15.844,1,1,0,0,1
4,11,3,/,1,353.511,1727.56,6.913,1,2,0,0,1
4,11,1,Z,1,324.157,1860.067,3.57,1,1,0,0,1
4,11,3,/,1,378.732,1484.199,3.734,1,2,0,0,1
4,11,2,Z,1,519.661,2135.208,13.106,2,1,0,0,1
4,11,1,Z,1,357.793,2126.011,20.49,1,1,0,0,1
4,11,4,/,1,328.589,2269.002,9.753,2,2,0,0,1
4,11,4,/,1,464.91,2000.53,4.105,2,2,0,0,1
4,11,3,/,1,397.05,2132.688,4.784,1,2,0,0,1
4,11,1,Z,1,287.128,1863.647,2.812,1,1,0,0,1
4,11,3,/,1,404.924,2392.455,29.227,1,2,0,0,1
4,11,4,/,1,370.887,2151.466,3.704,2,2,0,0,1
4,11,3,/,1,426.476,2295.849,2.315,1,2,0,0,1
4,11,1,Z,1,339.632,2381.616,1.271,1,1,0,0,1
4,11,4,/,1,334.659,1937.716,2.407,2,2,0,0,1
4,11,2,Z,1,384.148,2339.334,3.105,2,1,0,0,1
4,11,3,/,1,373.033,1800.423,9.629,1,2,0,0,1
4,11,3,/,1,367.11,1890.868,10.987,1,2,0,0,1
4,11,1,Z,1,327.206,2012.992,10.367,1,1,0,0,1
4,11,4,/,1,358.315,2194.573,15.03,2,2,0,0,1
4,11,3,/,1,419.01,2160.293,13.117,1,2,0,0,1
4,11,2,Z,1,599.727,2194.279,14.744,2,1,0,0,1
4,11,4,/,1,459.043,1671.249,2.685,2,2,0,0,1
4,11,4,/,1,377.656,1811.011,4.105,2,2,0,0,1
4,11,4,/,1,380.229,1995.86,4.383,2,2,0,0,1
4,11,2,Z,1,493.532,2200.452,5.966,2,1,0,0,1
4,11,2,Z,1,415.011,2270.479,3.228,2,1,0,0,1
4,11,1,Z,1,341.191,1990.616,-0.22,1,1,0,0,1
4,11,3,/,1,396.587,1792.624,3.549,1,2,0,0,1
4,11,4,/,1,460.303,1923.436,3.611,2,2,0,0,1
4,11,1,Z,1,332.001,1143.557,3.007,1,1,0,0,1
4,11,4,/,1,390.987,1823.432,3.21,2,2,0,0,1
4,12,2,Z,1,493.588,2128.357,-11.223,2,1,0,0,1
4,12,1,Z,1,382.152,1728.622,13.668,1,1,0,0,1
4,12,2,Z,1,366.24,2087.772,-1.027,2,1,0,0,1
4,12,3,/,1,772.85,1451.704,17.345,1,2,0,0,1
4,12,1,Z,1,415.373,1970.216,7.482,1,1,0,0,1
4,12,4,/,1,633.466,1560.951,18.734,2,2,0,0,1
4,12,4,/,1,472.617,1681.861,23.271,2,2,0,0,1
4,12,1,Z,1,376.372,1586.808,3.203,1,1,0,0,1
4,12,4,/,1,374.298,1951.213,2.994,2,2,0,0,1
4,12,1,Z,1,449.02,1855.252,-2.323,1,1,0,0,1
4,12,3,/,1,324.569,2052.464,3.92,1,2,0,0,1
4,12,3,/,1,253.407,1948.89,1.975,1,2,0,0,1
4,12,4,/,1,480.539,2135.72,7.129,2,2,0,0,1
4,12,4,/,1,335.463,1982.412,1.728,2,2,0,0,1
4,12,1,Z,1,585.071,2261.499,10.269,1,1,0,0,1
4,12,4,/,1,355.532,2017.499,5.432,2,2,0,0,1
4,12,3,/,1,422.881,2214.11,4.29,1,2,0,0,1
4,12,4,/,1,403.475,2022.243,0.525,2,2,0,0,1
4,12,2,Z,1,695.916,1965.587,7.36,2,1,0,0,1
4,12,2,Z,1,426.215,2342.636,0.513,2,1,0,0,1
4,12,3,/,1,430.803,1815.607,4.321,1,2,0,0,1
4,12,1,Z,1,418.556,1814.915,1.296,1,1,0,0,1
4,12,3,/,1,612.456,757.956,32.406,1,2,0,0,1
4,12,3,/,1,495.424,285.465,8.827,1,2,0,0,1
4,12,4,/,1,412.788,606.36,6.944,2,2,0,0,1
4,12,2,Z,1,561.572,221.872,36.701,2,1,0,0,1
4,12,4,/,1,441.254,330.993,2.654,2,2,0,0,1
4,12,3,/,1,527.949,226.074,12.222,1,2,0,0,1
4,12,4,/,1,464.963,156.462,4.105,2,2,0,0,1
4,12,2,Z,1,479.884,169.529,-2.176,2,1,0,0,1
4,12,1,Z,1,379.727,292.887,2.201,1,1,0,0,1
4,12,1,Z,1,392.568,397.728,1.076,1,1,0,0,1
4,12,2,Z,1,469.806,260.296,40.1,2,1,0,0,1
4,12,3,/,1,451.067,280.648,8.086,1,2,0,0,1
4,12,2,Z,1,427.723,345.169,6.211,2,1,0,0,1
4,12,1,Z,1,402.354,406.648,7.335,1,1,0,0,1
